[{"model": "recipes.ingredient", "pk": 1, "fields": {"title": "Баранина", "description": "", "dimension": "гр"}}, {"model": "recipes.ingredient", "pk": 2, "fields": {"title": "Морковь", "description": "", "dimension": "гр"}}, {"model": "recipes.ingredient", "pk": 3, "fields": {"title": "Лук репчатый", "description": "", "dimension": "гр"}}, {"model": "recipes.ingredient", "pk": 4, "fields": {"title": "Масло растительное", "description": "", "dimension": "мл"}}, {"model": "recipes.ingredient", "pk": 5, "fields": {"title": "Соль", "description": "", "dimension": "гр"}}, {"model": "recipes.ingredient", "pk": 6, "fields": {"title": "Рис", "description": "", "dimension": "гр"}}, {"model": "recipes.ingredient", "pk": 7, "fields": {"title": "Вода", "description": "", "dimension": "мл"}}, {"model": "recipes.ingredient", "pk": 8, "fields": {"title": "Чеснок", "description": "", "dimension": "гр"}}, {"model": "recipes.ingredient", "pk": 9, "fields": {"title": "Свекла", "description": "", "dimension": "гр"}}, {"model": "recipes.ingredient", "pk": 10, "fields": {"title": "Свинина", "description": "", "dimension": "гр"}}, {"model": "recipes.ingredient", "pk": 11, "fields": {"title": "Картофель", "description": "", "dimension": "гр"}}, {"model": "recipes.ingredient", "pk": 12, "fields": {"title": "Капустa", "description": "", "dimension": "гр"}}, {"model": "recipes.ingredient", "pk": 13, "fields": {"title": "Помидор", "description": "", "dimension": "гр"}}, {"model": "recipes.ingredient", "pk": 14, "fields": {"title": "Уксус", "description": "", "dimension": "мл"}}, {"model": "recipes.ingredient", "pk": 15, "fields": {"title": "Сахар", "description": "", "dimension": "гр"}}, {"model": "recipes.ingredient", "pk": 16, "fields": {"title": "Укроп", "description": "", "dimension": "гр"}}, {"model": "recipes.ingredient", "pk": 17, "fields": {"title": "Масло сливочное", "description": "", "dimension": "гр"}}, {"model": "recipes.ingredient", "pk": 18, "fields": {"title": "Яйцо куриное", "description": "", "dimension": "шт"}}, {"model": "recipes.ingredient", "pk": 19, "fields": {"title": "Сода", "description": "", "dimension": "гр"}}, {"model": "recipes.ingredient", "pk": 20, "fields": {"title": "Мука пшеничная", "description": "", "dimension": "гр"}}, {"model": "recipes.ingredient", "pk": 21, "fields": {"title": "Молоко", "description": "", "dimension": "мл"}}, {"model": "recipes.ingredient", "pk": 22, "fields": {"title": "Кефир", "description": "", "dimension": "мл"}}, {"model": "recipes.ingredient", "pk": 23, "fields": {"title": "Рыба", "description": "", "dimension": "гр"}}, {"model": "recipes.ingredient", "pk": 24, "fields": {"title": "Крахмал картофельный", "description": "", "dimension": "гр"}}, {"model": "recipes.ingredient", "pk": 25, "fields": {"title": "Хлопья овсяные", "description": "", "dimension": "гр"}}, {"model": "recipes.ingredient", "pk": 26, "fields": {"title": "Соевый соус", "description": "", "dimension": "мл"}}, {"model": "recipes.ingredient", "pk": 27, "fields": {"title": "Перец молотый", "description": "", "dimension": "гр"}}, {"model": "recipes.ingredient", "pk": 28, "fields": {"title": "Говядина", "description": "", "dimension": "гр"}}, {"model": "recipes.ingredient", "pk": 29, "fields": {"title": "Огурец", "description": "", "dimension": "гр"}}, {"model": "recipes.ingredient", "pk": 30, "fields": {"title": "Томатная паста", "description": "", "dimension": "гр"}}, {"model": "recipes.ingredient", "pk": 31, "fields": {"title": "Сливки 20%", "description": "", "dimension": "мл"}}, {"model": "recipes.ingredient", "pk": 32, "fields": {"title": "Бекон", "description": "", "dimension": "гр"}}, {"model": "recipes.ingredient", "pk": 33, "fields": {"title": "Дрожжи", "description": "", "dimension": "гр"}}, {"model": "recipes.ingredient", "pk": 34, "fields": {"title": "Корица", "description": "", "dimension": "гр"}}, {"model": "recipes.ingredient", "pk": 35, "fields": {"title": "Яблоко", "description": "", "dimension": "гр"}}, {"model": "recipes.ingredient", "pk": 36, "fields": {"title": "Апельсин", "description": "", "dimension": "гр"}}, {"model": "recipes.ingredient", "pk": 37, "fields": {"title": "Чай черный", "description": "", "dimension": "гр"}}, {"model": "recipes.recipe", "pk": 1, "fields": {"author": 2, "title": "Плов", "pub_date": "2021-01-12T16:33:42.159Z", "description": "Морковь резать длинной соломкой! Никаких терок для моркови! Соломку делаем так: морковь режем по диагонали на пластинки толщиной 4-5 мм. Затем разрезаем пластинки вдоль их длинной стороны, толшина 4-5 мм. Не бойтесь переборщить с длиной, чем длиннее соломка, тем вкуснее плов. Лук режем полукольцами. Мясо - размеры кусков на глаз, не мелко! Мясо должно быть жирненьким. Если берете курицу, то не филе, а окорочок, голень и т. п., с кожей. соотношение мясо : морковь : лук = 1:1:1! Я делаю из курицы - бедрышки режу на 4 части, плюс целые голени. Например, здесь 2 бедра + 3 голени. Заведите 3 одинаковых плошки и отмеряйте 1:1:1 прямо по объёму, на граммы не обращайте внимания.готовим Зирвак - основу плова. Это смесь мяса, моркови и лука. В сковороду налить 0,3 стакана растительного масла, раскалить его, всыпать мясо, морковь, лук. Не бойтесь, если получится слегка \"с горкой\" - это упарится. Зирвак готовим на самом сильном огне, примерно 20-30 минут. Половину времени без крышки и перемешиваем. Половину времени под крышкой, иногда перемешиваем. Лучшая сковорода - толстая чугунная или толстый чугунный казан. Крышка - плотно прилегает. Осторожнее с силой огня, если у вас газовая плита, они обычно мощнее остальных. Пробуйте. на середине приготовления Зирвака посолить и засыпать специи, после этого упариваем под крышкой.\r\nСоль - как усилитель вкуса моркови-лука, не переборщите! Вкус должен получиться слегка солоноватый, насыщенный морковно-луковый. Специи: я кладу хмели-сунели (без розмарина в составе!) и барбарис. Еще можно: молотый кумин, базилик, кориандр, черный молотый перец, тмин, лавровый лист (немного!), любые другие специи из состава хмели-сунели. Для любителей: зира, и можно добавить порезанные чернослив и/или курагу - узбеки это любят, а я не очень. рис готовится, как описано ниже. После упаривания Зирвака освободилось место - засыпаем рис, прямо рассыпаем его сверху и не перемешиваем. И заливаем холодной! водой, так чтоб чуть прикрыть рис. Немедленно закрываем крышкой и переставляем на другую конфорку - на слабый огонь. Я ставлю на 2 (всего у меня 6 делений). Готовить примерно 1 час, не перемешивать. Открывать не рекомендуется. за 5-10 минут до готовности сверху воткнуть зубчики чеснока - очищенные (за 5 мин. до готовности) или прямо в кожуре (за 10 мин.).\r\nПлов готов. Для улучшения вкуса завернуть в одеяло и выдержать 30-60 минут.", "image": "Recipe/plov.jpg", "tags": "lunch", "cooking_time": 90, "slug": "plov"}}, {"model": "recipes.recipe", "pk": 3, "fields": {"author": 4, "title": "Борщ", "pub_date": "2021-01-12T16:51:18.531Z", "description": "Приготовленный бульон поставьте на огонь, почистите свеклу, разрежьте крупно на 4-6 частей и опустите в закипевший бульон. Варите минут 15, а потом следуйте своей любимой рецептуре – добавляйте мясо, овощи, специи, зелень в привычном количестве и порядке. Когда капуста и картофель будут готовы, выключите огонь и ложкой выловите куски свеклы. Они будут казаться блеклыми и недоваренными – не переживайте, так и должно быть. Дайте остыть минутку и натрите на мелкой терке. Вы увидите, что, хотя снаружи свекла выварилась, внутри она сохранила цвет, сок и витамины. Опустите свеклу в суп, размешайте и оставьте минут 15 настояться. Возможно, нужно будет добавить соли, сахара, специй. Не кипятите борщ после того, как добавили свеклу! Если все сделано правильно, то вы получите очень яркий, насыщенного цвета и вкуса суп. Приятного и красивого всем аппетита!", "image": "Recipe/borsch_GozSUKM.jpeg", "tags": "lunch", "cooking_time": 60, "slug": "borsch"}}, {"model": "recipes.recipe", "pk": 4, "fields": {"author": 3, "title": "Классический французский омлет", "pub_date": "2021-01-12T16:53:15.358Z", "description": "Берем среднего размера сковороду и растапливаем в ней около 50 г сливочного масла (да... французы очень уважают сливочное масло) на медленном огне, то есть масло должно плавиться, а не шипеть и шкворчать.\r\n\r\nВ это время разбиваем в мисочку 3 яйца и немного взбиваем вилкой или венчиком до однородности, сильно стараться не надо, дело тут не в крепости пены, пены вообще не надо добиваться.\r\n\r\nВ смешанные таким образом яйца вводим почти все сливочное масло тонкой струйкой (да, да горячее, прямо со сковороды), постоянно помешиваем, чтобы яйца не приготовились раньше времени ; -).\r\n\r\nСолим и перчим (белым перцем) по вкусу. Я не советую добавлять какие-либо специи, так как омлет очень нежный и не хочется его осквернять яркими вкусовыми добавками.\r\n\r\nГотовую смесь выливаем на сковородку, в которой растапливали масло, и на маленьком огне ждем, когда краешки омлета начнут белеть.\r\n\r\nХватаемся лопаткой за самый побелевший край и очень аккуратно, так как омлет нежной структуры, начинаем при помощи лопатки и рук скручивать облет в аккуратный рулетик. Не надо дожидаться, когда верх омлета будет готов, скручиваем именно когда только краешки белеют, иначе будет не то! Пока скручиваем, он успевает приготовиться внутри и оставаться светным (не жареным) снаружи. Выкладываем омлет через край сковородки на тарелочку, швом вниз.\r\n\r\nОмлет получается особенным... нежным, пористым... ммм... Ах... Франция ; -))", "image": "Recipe/klassicheskij-frantsuzskij-omlet.jpg", "tags": "breakfast", "cooking_time": 15, "slug": "klassicheskij-frantsuzskij-omlet"}}, {"model": "recipes.recipe", "pk": 5, "fields": {"author": 2, "title": "Ажурные блины", "pub_date": "2021-01-12T16:57:59.603Z", "description": "В кастрюлю вылить кефир и немного подогреть (должен быть теплым, но не горячим).\r\nДобавляем яйцо (если крупное - одно, мелкое - два), сахар, соль, соду и перемешиваем.\r\nКладем муку (примерно 1.5 стакана), кладем столько, чтобы масса была, как хорошая густая сметана, теперь все тщательно перемешиваем, чтобы не было комочков.\r\nМолоко доводим до кипения и тоненькой струйкой вливаем в массу, все время, помешивая (так мы завариваем наше тесто!).\r\nЕсли тесто получилось жидким, на ваш взгляд, добавьте немного муки (не волнуйтесь, основная масса уже «сварена»).\r\nДобавляем 1-2 ст. л. растительного масла, перемешиваем, тесто для выпечки блинов готово!\r\nПеките блины, если есть возможность, на чугунной сковороде (по старой привычке я перед выпеканием смазываю сковороду растительным маслом, независимо от того, есть ли в тесте масло или нет).", "image": "Recipe/azhurnyie-blinyi.jpg", "tags": "breakfast,lunch", "cooking_time": 20, "slug": "azhurnyie-blinyi"}}, {"model": "recipes.recipe", "pk": 6, "fields": {"author": 3, "title": "Котлеты рыбные \"Монастырские\"", "pub_date": "2021-01-12T17:01:20.229Z", "description": "Лук нарезать кубиком, морковь натереть на маленькой терке. Поставить обжаривать овощи в небольшом количестве растительного масла. Когда лук с морковкой начнут поджариваться, влить соевый соус. Перемешать и дать жидкости полностью выпариться.\r\nКусочки рыбы (филе) произвольно порезать и выложить в чашу блендера. Пробить до однородной массы. У меня в этот раз белый амур, но можно брать любую рыбку. Была приятно удивлена, что даже из минтая котлеты получаются сочными и нежными.\r\nК рыбному фаршу добавить обжаренные овощи.\r\nЯ оставляю часть овощей, и использую их как начинку в котлетах.\r\nДети мои не будут есть такую начинку, а мы с удовольствием.\r\nПоэтому решайте сами, все овощи вам добавлять к фаршу или, как я, оставить часть.\r\nПробить фарш еще раз блендером, но уже с овощами.\r\nВыложить фарш в чашку. Добавить соль, перец, крахмал и хлопья. Вымесить тщательно фарш и отправить в холодильник на 20 минут (обязательно!).\r\nЗа это время хлопья разбухнут и заберут в себя лишнюю влагу из фарша и рыбные запахи.\r\nПо прошествии времени достать фарш и влажными руками сформировать котлеты.\r\nФорму можете придать им любую.\r\nПри желании обвалять котлеты в муке или панировочных сухарях, или вообще обойтись без панировки.\r\nЯ часть обваливаю в муке, часть оставляю без панировки вообще.\r\nКотлеты отлично держат форму и в принципе ни в каких сложных манипуляциях не нуждаются.\r\nЕсли вы, как и, я оставили часть обжаренных овощей, то на ладонь выложите фарш, расплющите его и в центр выложите чайную ложку наших овощей.\r\nЗащепите шов, и ваша котлета-зраза готова.\r\nСковороду хорошо прогреть и обжарить котлеты с двух сторон до золотистой корочки на растительном масле.\r\nЗатем огонь убавить, влить 70 мл воды и тушить котлеты до готовности при закрытой крышке.", "image": "Recipe/kotletyi-ryibnyie-monastyirskie.jpg", "tags": "lunch,dinner", "cooking_time": 60, "slug": "kotletyi-ryibnyie-monastyirskie"}}, {"model": "recipes.recipe", "pk": 7, "fields": {"author": 4, "title": "Солянка по-мегрельски", "pub_date": "2021-01-12T17:08:29.740Z", "description": "Говядину надо помыть, просушить бумажным полотенцем и нарезать крупными кубиками.\r\nЛук, и огурцы нарезаем мелкими кубиками.\r\nЧеснок режем меленько. В сковородку кладем мясо и масло, обжариваем равномерно со всех сторон около 15 минут.\r\nВынимаем мясо из сковородки, Кладем в нее лук и обжариваем до прозрачности, К луку возвращаем мясо, наливаем бульон, ставим сковороду на сильный огонь. После того, как солянка закипела, в сковородку добавляем томатную пасту, чеснок и соленые огурцы.\r\nОгонь делаем небольшим, накрываем сковородку крышкой и тушим до готовности мяса. Готовое блюдо посыпаем свежей зеленью. Приятнейшего Вам аппетита!\r\nГотовьте с удовольствием!", "image": "Recipe/solyanka-po-megrelski.jpg", "tags": "lunch", "cooking_time": 60, "slug": "solyanka-po-megrelski"}}, {"model": "recipes.recipe", "pk": 8, "fields": {"author": 2, "title": "Филе миньон с луково-брусничным соусом", "pub_date": "2021-01-12T17:14:36.700Z", "description": "Для приготовления этого блюда понадобится хорошая говяжья вырезка. Я купила глазную мышцу. А также нам понадобится лук, бекон и брусничный соус d'arbo. На фото не хватает сливок. Лук нарезать кольцами очень тонко.  Вырезку* обмыть, промокнуть бумажным полотенцем и нарезать на стейки толщиной 4 см.\r\nДостаньте вырезку из холодильника заранее, чтобы она нагрелась до комнатной температуры, таким образом мясо не получит сильный шок от прикосновения к раскаленной сковороде и выделит меньше сока. Каждый стейк оберните полоской бекона. У меня бекон был широкий, но короткий, поэтому я каждую ленту разрезала вдоль на 2 части и обернула внахлест дважды.\r\nПлотно обвяжите* кулинарной нитью каждый миньон, закрепляя бекон и придавая стейку округлую форму. *Затягивайте нить плотнее, миньоны немного сожмутся при жарке. Разогрейте сковороду-гриль*, каждый миньон смажьте оливковым маслом и припечатайте стейк к сковороде. Огонь немного уменьшите и жарьте миньоны по 5 минут с каждой стороны. Некоторое время нужно будет прижимать мясо лопаткой, чтобы оно прихватилось.\r\n*Если у вас нет сковороды-гриль, воспользуйтесь обычной сковородой. Таким же образом поступаем и с другой стороной. Если вы любите мясо с кровью, уменьшите время прожарки до 3-4 минут с каждой стороны, мясо будет сочнее и розовое на срезе. Когда мясо прожарится, посолите и поперчите его. Не делайте этого до того, как на мясе образуется корочка, иначе стейки потеряют всю свою сочность. Щипцами берите каждый кусочек и быстро обжаривайте мясо по бокам, там где бекон.  Уберите мясо на теплую тарелку, снимите нитки, накройте его фольгой и приступайте к соусу. Растопите на сковороде 20 г сливочного масла и обжарьте лук до появления приятной золотистости, уменьшите огонь и влейте сливки. Быстро перемешайте и добавьте брусничный соус. Перемешайте и сразу снимайте с огня, поскольку соус очень быстро густеет.", "image": "Recipe/file-minon-s-lukovo-brusnichnyim-sousom.jpeg", "tags": "lunch,dinner", "cooking_time": 30, "slug": "file-minon-s-lukovo-brusnichnyim-sousom"}}, {"model": "recipes.recipe", "pk": 9, "fields": {"author": 3, "title": "Шведские булочки с корицей", "pub_date": "2021-01-12T17:17:57.518Z", "description": "50 г масла подогреть, влить 300 мл молоко. Я сразу наливаю молоко и кладу масло, потом грею, чтоб масло растворилось. Дать немного остыть, чтоб дрожжам плохо не стало))) Добавить соль 1 г, сахар 50 г, дрожжи сухие 5г. Размешать. Всыпать муку 500 г через сито. Замесить тесто. Может понадобится ещё мука, все зависит от её сорта. Тесто должно получится мягким, но хорошо держать форму, не липнуть. Оставить подходить на 30-40 минут. А пока можно приготовить начинку. Корицу, сахар и масло комнатной температуры перетереть до однородности. Раскатать пласт толщиной 0,5-0,8 см прямоугольной формы. Нанести равномерно начинку и закрутить в рулет. Разрезать на кусочки 2-2,5 см толщиной. У меня получилось 25 штук. Разложить на лист готовые кусочки. Что примечательно, шведы никак их не соединяют, не делают из них розочки и не залепляют снизу, как мы привыкли. При этом сахар не течёт, и к листу ничего не липнет. На лист нужно положить пергамент или фольгу. Дать подняться минут 20-30. Затем посыпать сахаром сверху. Они используют специальный \"жемчужный\" сахар, крупный такой, он не горит, не растворяется и смазывают вначале изделие яйцом. Я не люблю покрывать яйцом и такого сахара не добыть здесь, где я живу, поэтому просто посыпаю обычным сахарком и радуюсь тому, что могу сделать. Главно смело и позитивно))) По рецепту рекомендуется выпекать 8 минут при температуре 250C. В моей газовой духовке на всю мощь пеклось минут 15. Мой муж любит подсушенные, чтоб с хрустинкой было. Смотрите по своему предпочтению как выпекать, посветлее или потемнее.", "image": "Recipe/shvedskie-bulochki-s-koritsej.jpg", "tags": "breakfast,lunch", "cooking_time": 90, "slug": "shvedskie-bulochki-s-koritsej"}}, {"model": "recipes.recipe", "pk": 10, "fields": {"author": 4, "title": "Яблочный чай с апельсином и корицей", "pub_date": "2021-01-12T17:20:29.473Z", "description": "Поставить кипятить 500 мл воды.\r\nАпельсин нарезать кружками, затем каждый кружок разрезать на четыре части. Посыпать корицей и оставить на 5 минут, чтобы апельсин пропитался.\r\nЯблоки нарезать дольками или кубиками. Если готовить чай в заварочном чайнике, то его ополоснуть кипящей водой, затем поместить в него дольки яблока и апельсина. Насыпать заварку, залить кипятком и закрыть крышкой.\r\nЯ буду заваривать в эмалированной кастрюльке, в которой кипячу воду. После закипания воды кастрюльку снять с огня, добавить в нее нарезанные дольки яблока и апельсина. Добавить 3 ч. л. чёрного крупнолистового чая. Закрыть крышкой, накрыть льняной салфеткой и оставить на 10 минут. Чай готов и можно пробовать!", "image": "Recipe/yablochnyij-chaj-s-apelsinom-i-koritsej.jpg", "tags": "breakfast", "cooking_time": 20, "slug": "yablochnyij-chaj-s-apelsinom-i-koritsej"}}, {"model": "recipes.recipeingredients", "pk": 1, "fields": {"amount": 500, "recipe": 1, "ingredient": 1}}, {"model": "recipes.recipeingredients", "pk": 2, "fields": {"amount": 500, "recipe": 1, "ingredient": 2}}, {"model": "recipes.recipeingredients", "pk": 3, "fields": {"amount": 500, "recipe": 1, "ingredient": 3}}, {"model": "recipes.recipeingredients", "pk": 4, "fields": {"amount": 200, "recipe": 1, "ingredient": 4}}, {"model": "recipes.recipeingredients", "pk": 5, "fields": {"amount": 20, "recipe": 1, "ingredient": 5}}, {"model": "recipes.recipeingredients", "pk": 6, "fields": {"amount": 800, "recipe": 1, "ingredient": 6}}, {"model": "recipes.recipeingredients", "pk": 7, "fields": {"amount": 3, "recipe": 1, "ingredient": 7}}, {"model": "recipes.recipeingredients", "pk": 8, "fields": {"amount": 50, "recipe": 1, "ingredient": 8}}, {"model": "recipes.recipeingredients", "pk": 9, "fields": {"amount": 100, "recipe": 3, "ingredient": 9}}, {"model": "recipes.recipeingredients", "pk": 10, "fields": {"amount": 500, "recipe": 3, "ingredient": 10}}, {"model": "recipes.recipeingredients", "pk": 11, "fields": {"amount": 300, "recipe": 3, "ingredient": 11}}, {"model": "recipes.recipeingredients", "pk": 12, "fields": {"amount": 200, "recipe": 3, "ingredient": 2}}, {"model": "recipes.recipeingredients", "pk": 13, "fields": {"amount": 200, "recipe": 3, "ingredient": 12}}, {"model": "recipes.recipeingredients", "pk": 14, "fields": {"amount": 100, "recipe": 3, "ingredient": 13}}, {"model": "recipes.recipeingredients", "pk": 15, "fields": {"amount": 10, "recipe": 3, "ingredient": 14}}, {"model": "recipes.recipeingredients", "pk": 16, "fields": {"amount": 5, "recipe": 3, "ingredient": 15}}, {"model": "recipes.recipeingredients", "pk": 17, "fields": {"amount": 5, "recipe": 3, "ingredient": 5}}, {"model": "recipes.recipeingredients", "pk": 18, "fields": {"amount": 5, "recipe": 3, "ingredient": 16}}, {"model": "recipes.recipeingredients", "pk": 19, "fields": {"amount": 10, "recipe": 3, "ingredient": 8}}, {"model": "recipes.recipeingredients", "pk": 20, "fields": {"amount": 50, "recipe": 4, "ingredient": 17}}, {"model": "recipes.recipeingredients", "pk": 21, "fields": {"amount": 3, "recipe": 4, "ingredient": 18}}, {"model": "recipes.recipeingredients", "pk": 22, "fields": {"amount": 2, "recipe": 4, "ingredient": 5}}, {"model": "recipes.recipeingredients", "pk": 23, "fields": {"amount": 10, "recipe": 5, "ingredient": 4}}, {"model": "recipes.recipeingredients", "pk": 24, "fields": {"amount": 5, "recipe": 5, "ingredient": 19}}, {"model": "recipes.recipeingredients", "pk": 25, "fields": {"amount": 2, "recipe": 5, "ingredient": 5}}, {"model": "recipes.recipeingredients", "pk": 26, "fields": {"amount": 10, "recipe": 5, "ingredient": 15}}, {"model": "recipes.recipeingredients", "pk": 27, "fields": {"amount": 300, "recipe": 5, "ingredient": 20}}, {"model": "recipes.recipeingredients", "pk": 28, "fields": {"amount": 2, "recipe": 5, "ingredient": 18}}, {"model": "recipes.recipeingredients", "pk": 29, "fields": {"amount": 200, "recipe": 5, "ingredient": 21}}, {"model": "recipes.recipeingredients", "pk": 30, "fields": {"amount": 500, "recipe": 5, "ingredient": 22}}, {"model": "recipes.recipeingredients", "pk": 31, "fields": {"amount": 600, "recipe": 6, "ingredient": 23}}, {"model": "recipes.recipeingredients", "pk": 32, "fields": {"amount": 50, "recipe": 6, "ingredient": 2}}, {"model": "recipes.recipeingredients", "pk": 33, "fields": {"amount": 50, "recipe": 6, "ingredient": 3}}, {"model": "recipes.recipeingredients", "pk": 34, "fields": {"amount": 10, "recipe": 6, "ingredient": 24}}, {"model": "recipes.recipeingredients", "pk": 35, "fields": {"amount": 10, "recipe": 6, "ingredient": 25}}, {"model": "recipes.recipeingredients", "pk": 36, "fields": {"amount": 10, "recipe": 6, "ingredient": 26}}, {"model": "recipes.recipeingredients", "pk": 37, "fields": {"amount": 2, "recipe": 6, "ingredient": 27}}, {"model": "recipes.recipeingredients", "pk": 38, "fields": {"amount": 2, "recipe": 6, "ingredient": 5}}, {"model": "recipes.recipeingredients", "pk": 39, "fields": {"amount": 500, "recipe": 7, "ingredient": 28}}, {"model": "recipes.recipeingredients", "pk": 40, "fields": {"amount": 30, "recipe": 7, "ingredient": 17}}, {"model": "recipes.recipeingredients", "pk": 41, "fields": {"amount": 50, "recipe": 7, "ingredient": 3}}, {"model": "recipes.recipeingredients", "pk": 42, "fields": {"amount": 50, "recipe": 7, "ingredient": 29}}, {"model": "recipes.recipeingredients", "pk": 43, "fields": {"amount": 20, "recipe": 7, "ingredient": 8}}, {"model": "recipes.recipeingredients", "pk": 44, "fields": {"amount": 30, "recipe": 7, "ingredient": 30}}, {"model": "recipes.recipeingredients", "pk": 45, "fields": {"amount": 5, "recipe": 7, "ingredient": 16}}, {"model": "recipes.recipeingredients", "pk": 46, "fields": {"amount": 5, "recipe": 7, "ingredient": 5}}, {"model": "recipes.recipeingredients", "pk": 47, "fields": {"amount": 5, "recipe": 7, "ingredient": 27}}, {"model": "recipes.recipeingredients", "pk": 48, "fields": {"amount": 800, "recipe": 8, "ingredient": 28}}, {"model": "recipes.recipeingredients", "pk": 49, "fields": {"amount": 50, "recipe": 8, "ingredient": 3}}, {"model": "recipes.recipeingredients", "pk": 50, "fields": {"amount": 180, "recipe": 8, "ingredient": 31}}, {"model": "recipes.recipeingredients", "pk": 51, "fields": {"amount": 200, "recipe": 8, "ingredient": 32}}, {"model": "recipes.recipeingredients", "pk": 52, "fields": {"amount": 5, "recipe": 8, "ingredient": 27}}, {"model": "recipes.recipeingredients", "pk": 53, "fields": {"amount": 5, "recipe": 8, "ingredient": 5}}, {"model": "recipes.recipeingredients", "pk": 54, "fields": {"amount": 20, "recipe": 8, "ingredient": 17}}, {"model": "recipes.recipeingredients", "pk": 55, "fields": {"amount": 300, "recipe": 9, "ingredient": 21}}, {"model": "recipes.recipeingredients", "pk": 56, "fields": {"amount": 100, "recipe": 9, "ingredient": 17}}, {"model": "recipes.recipeingredients", "pk": 57, "fields": {"amount": 1, "recipe": 9, "ingredient": 5}}, {"model": "recipes.recipeingredients", "pk": 58, "fields": {"amount": 100, "recipe": 9, "ingredient": 15}}, {"model": "recipes.recipeingredients", "pk": 59, "fields": {"amount": 500, "recipe": 9, "ingredient": 20}}, {"model": "recipes.recipeingredients", "pk": 60, "fields": {"amount": 5, "recipe": 9, "ingredient": 33}}, {"model": "recipes.recipeingredients", "pk": 61, "fields": {"amount": 5, "recipe": 9, "ingredient": 34}}, {"model": "recipes.recipeingredients", "pk": 62, "fields": {"amount": 50, "recipe": 10, "ingredient": 35}}, {"model": "recipes.recipeingredients", "pk": 63, "fields": {"amount": 50, "recipe": 10, "ingredient": 36}}, {"model": "recipes.recipeingredients", "pk": 64, "fields": {"amount": 5, "recipe": 10, "ingredient": 34}}, {"model": "recipes.recipeingredients", "pk": 65, "fields": {"amount": 15, "recipe": 10, "ingredient": 37}}, {"model": "recipes.recipeingredients", "pk": 66, "fields": {"amount": 500, "recipe": 10, "ingredient": 7}}, {"model": "recipes.follow", "pk": 2, "fields": {"subscriber": 2, "following": 3}}, {"model": "recipes.follow", "pk": 3, "fields": {"subscriber": 2, "following": 4}}, {"model": "recipes.favorite", "pk": 5, "fields": {"user": 2, "recipe": 6}}, {"model": "recipes.favorite", "pk": 6, "fields": {"user": 2, "recipe": 4}}, {"model": "recipes.favorite", "pk": 7, "fields": {"user": 2, "recipe": 1}}, {"model": "thumbnail.kvstore", "pk": "sorl-thumbnail||image||0cd8048836c3f5d8f92bd4e6401a2111", "fields": {"value": "{\"name\": \"cache/e8/cf/e8cfbf38acfecffe23907848e1ced1cb.jpg\", \"storage\": \"django.core.files.storage.FileSystemStorage\", \"size\": [480, 480]}"}}, {"model": "thumbnail.kvstore", "pk": "sorl-thumbnail||image||137454b935f96f6c93dbb2be59d2c95d", "fields": {"value": "{\"name\": \"Recipe/shvedskie-bulochki-s-koritsej.jpg\", \"storage\": \"django.core.files.storage.FileSystemStorage\", \"size\": [1000, 700]}"}}, {"model": "thumbnail.kvstore", "pk": "sorl-thumbnail||image||19dedaeb40693043118c378622d89a9c", "fields": {"value": "{\"name\": \"cache/9b/ce/9bceb9d5a87fc951548ce44ecb904fbd.jpg\", \"storage\": \"django.core.files.storage.FileSystemStorage\", \"size\": [480, 480]}"}}, {"model": "thumbnail.kvstore", "pk": "sorl-thumbnail||image||2c4c7a959ed66c46a9063d8a273b959e", "fields": {"value": "{\"name\": \"cache/df/8c/df8cc1fe32e8fd29d6ae3df07a9e9574.jpg\", \"storage\": \"django.core.files.storage.FileSystemStorage\", \"size\": [72, 72]}"}}, {"model": "thumbnail.kvstore", "pk": "sorl-thumbnail||image||38517b29c2d11adb902c4a15aae9332c", "fields": {"value": "{\"name\": \"cache/a6/2d/a62db25df4fe9b1d365681f24e38c108.jpg\", \"storage\": \"django.core.files.storage.FileSystemStorage\", \"size\": [72, 72]}"}}, {"model": "thumbnail.kvstore", "pk": "sorl-thumbnail||image||3d130a3cc344c5d890ac0d8aea1194b3", "fields": {"value": "{\"name\": \"cache/fb/a7/fba78d2317ca3f3972e807d070d01207.jpg\", \"storage\": \"django.core.files.storage.FileSystemStorage\", \"size\": [364, 240]}"}}, {"model": "thumbnail.kvstore", "pk": "sorl-thumbnail||image||487513e60b41a6c3ae6c0e17f935789a", "fields": {"value": "{\"name\": \"cache/1d/ec/1dec7b4c95810a0f4103396704229716.jpg\", \"storage\": \"django.core.files.storage.FileSystemStorage\", \"size\": [364, 240]}"}}, {"model": "thumbnail.kvstore", "pk": "sorl-thumbnail||image||49713f4cc6c865c96a877e16252a1c36", "fields": {"value": "{\"name\": \"cache/de/34/de346e84b3512d80372d005d019e2fa0.jpg\", \"storage\": \"django.core.files.storage.FileSystemStorage\", \"size\": [364, 240]}"}}, {"model": "thumbnail.kvstore", "pk": "sorl-thumbnail||image||583788eef84cdd37d9c1d97a7cfa60bb", "fields": {"value": "{\"name\": \"cache/8a/55/8a55b48e1807c873dac9583f91accb77.jpg\", \"storage\": \"django.core.files.storage.FileSystemStorage\", \"size\": [480, 480]}"}}, {"model": "thumbnail.kvstore", "pk": "sorl-thumbnail||image||63f4a726481392cc5c3aca6da75ed5fb", "fields": {"value": "{\"name\": \"cache/af/a8/afa843df06f7aecacffe94215478d19f.jpg\", \"storage\": \"django.core.files.storage.FileSystemStorage\", \"size\": [364, 240]}"}}, {"model": "thumbnail.kvstore", "pk": "sorl-thumbnail||image||659cbf7c05eea7923f2daa7878eb7103", "fields": {"value": "{\"name\": \"cache/c5/45/c545200da1ccfcd8ca12e6ee813e4e3b.jpg\", \"storage\": \"django.core.files.storage.FileSystemStorage\", \"size\": [364, 240]}"}}, {"model": "thumbnail.kvstore", "pk": "sorl-thumbnail||image||6bde3241173522b8ef329b7167b0d061", "fields": {"value": "{\"name\": \"Recipe/plov.jpg\", \"storage\": \"django.core.files.storage.FileSystemStorage\", \"size\": [1920, 1428]}"}}, {"model": "thumbnail.kvstore", "pk": "sorl-thumbnail||image||70f0644078e54cf620589b9478a77579", "fields": {"value": "{\"name\": \"Recipe/klassicheskij-frantsuzskij-omlet.jpg\", \"storage\": \"django.core.files.storage.FileSystemStorage\", \"size\": [1200, 676]}"}}, {"model": "thumbnail.kvstore", "pk": "sorl-thumbnail||image||71ebc12835fd2b3e34f3b4302ca5a953", "fields": {"value": "{\"name\": \"Recipe/solyanka-po-megrelski.jpg\", \"storage\": \"django.core.files.storage.FileSystemStorage\", \"size\": [1280, 853]}"}}, {"model": "thumbnail.kvstore", "pk": "sorl-thumbnail||image||73773a346cc2db3243baa738571a2a89", "fields": {"value": "{\"name\": \"cache/12/83/12832359a330a33629f41b20635491ee.jpg\", \"storage\": \"django.core.files.storage.FileSystemStorage\", \"size\": [364, 240]}"}}, {"model": "thumbnail.kvstore", "pk": "sorl-thumbnail||image||76246f7d0db32bdfdb75b5f3747e6d2c", "fields": {"value": "{\"name\": \"Recipe/file-minon-s-lukovo-brusnichnyim-sousom.jpeg\", \"storage\": \"django.core.files.storage.FileSystemStorage\", \"size\": [1956, 1653]}"}}, {"model": "thumbnail.kvstore", "pk": "sorl-thumbnail||image||782cdb3b3fd14ce9d085c7cdea3e1558", "fields": {"value": "{\"name\": \"cache/78/42/78427ec5fd8d2e4445bb99dc8ddd9e91.jpg\", \"storage\": \"django.core.files.storage.FileSystemStorage\", \"size\": [480, 480]}"}}, {"model": "thumbnail.kvstore", "pk": "sorl-thumbnail||image||79dd2971b46f0d911fb58863bfd1968f", "fields": {"value": "{\"name\": \"cache/29/09/2909e3d3f66310f739d6505aa28315b8.jpg\", \"storage\": \"django.core.files.storage.FileSystemStorage\", \"size\": [72, 72]}"}}, {"model": "thumbnail.kvstore", "pk": "sorl-thumbnail||image||7f671bbf5c152af8a1886b6230185581", "fields": {"value": "{\"name\": \"cache/73/32/73321692fd99681f613cc20defb7a8e1.jpg\", \"storage\": \"django.core.files.storage.FileSystemStorage\", \"size\": [364, 240]}"}}, {"model": "thumbnail.kvstore", "pk": "sorl-thumbnail||image||82b33867ab91789822b73fe5ece07386", "fields": {"value": "{\"name\": \"cache/e0/01/e0014080d77093ce1d265f510dbdc30c.jpg\", \"storage\": \"django.core.files.storage.FileSystemStorage\", \"size\": [72, 72]}"}}, {"model": "thumbnail.kvstore", "pk": "sorl-thumbnail||image||888a2212539093723717841d11472a07", "fields": {"value": "{\"name\": \"Recipe/borsch_GozSUKM.jpeg\", \"storage\": \"django.core.files.storage.FileSystemStorage\", \"size\": [1200, 752]}"}}, {"model": "thumbnail.kvstore", "pk": "sorl-thumbnail||image||9722c79f390351fc588644c44021c7e4", "fields": {"value": "{\"name\": \"cache/6a/09/6a0958ef5ed9cf7f69dbf0cd1ee1db22.jpg\", \"storage\": \"django.core.files.storage.FileSystemStorage\", \"size\": [72, 72]}"}}, {"model": "thumbnail.kvstore", "pk": "sorl-thumbnail||image||97a3cacf747f79def7bab8e14e598a57", "fields": {"value": "{\"name\": \"Recipe/kotletyi-ryibnyie-monastyirskie.jpg\", \"storage\": \"django.core.files.storage.FileSystemStorage\", \"size\": [1200, 800]}"}}, {"model": "thumbnail.kvstore", "pk": "sorl-thumbnail||image||aaa75d450d37e907f5ac35740380d113", "fields": {"value": "{\"name\": \"cache/5c/81/5c8199358a241fdebbaa9479c9df7d7e.jpg\", \"storage\": \"django.core.files.storage.FileSystemStorage\", \"size\": [364, 240]}"}}, {"model": "thumbnail.kvstore", "pk": "sorl-thumbnail||image||b4526c5576cc88bd3ca3843cc5fa9d38", "fields": {"value": "{\"name\": \"Recipe/yablochnyij-chaj-s-apelsinom-i-koritsej.jpg\", \"storage\": \"django.core.files.storage.FileSystemStorage\", \"size\": [710, 550]}"}}, {"model": "thumbnail.kvstore", "pk": "sorl-thumbnail||image||b8ec4f53e7008f66426315e172ce51cf", "fields": {"value": "{\"name\": \"cache/82/88/8288990d2a7b5cb52217c9a07882c354.jpg\", \"storage\": \"django.core.files.storage.FileSystemStorage\", \"size\": [480, 480]}"}}, {"model": "thumbnail.kvstore", "pk": "sorl-thumbnail||image||bd727ebcab3b5cd0f7687360814478fb", "fields": {"value": "{\"name\": \"cache/0d/86/0d862f2a1ea71d7127951d630c9f9f15.jpg\", \"storage\": \"django.core.files.storage.FileSystemStorage\", \"size\": [72, 72]}"}}, {"model": "thumbnail.kvstore", "pk": "sorl-thumbnail||image||cdd25066e472b97f86e6d54e6b149200", "fields": {"value": "{\"name\": \"cache/50/a6/50a62cd0e5fc9254207596ea748f73fa.jpg\", \"storage\": \"django.core.files.storage.FileSystemStorage\", \"size\": [364, 240]}"}}, {"model": "thumbnail.kvstore", "pk": "sorl-thumbnail||image||d1669c78abfd494184369a13642ca2d8", "fields": {"value": "{\"name\": \"cache/6a/52/6a524d437cb62d46a1974e145e19e415.jpg\", \"storage\": \"django.core.files.storage.FileSystemStorage\", \"size\": [364, 240]}"}}, {"model": "thumbnail.kvstore", "pk": "sorl-thumbnail||image||dd18b85c08b0d4ccd76de5fb74ccf9af", "fields": {"value": "{\"name\": \"Recipe/azhurnyie-blinyi.jpg\", \"storage\": \"django.core.files.storage.FileSystemStorage\", \"size\": [2000, 1413]}"}}, {"model": "thumbnail.kvstore", "pk": "sorl-thumbnail||image||df0448c4a0d6a73df447f66863970c2a", "fields": {"value": "{\"name\": \"Recipe/borsch.jpeg\", \"storage\": \"django.core.files.storage.FileSystemStorage\", \"size\": [1200, 752]}"}}, {"model": "thumbnail.kvstore", "pk": "sorl-thumbnail||thumbnails||137454b935f96f6c93dbb2be59d2c95d", "fields": {"value": "[\"2c4c7a959ed66c46a9063d8a273b959e\", \"63f4a726481392cc5c3aca6da75ed5fb\"]"}}, {"model": "thumbnail.kvstore", "pk": "sorl-thumbnail||thumbnails||6bde3241173522b8ef329b7167b0d061", "fields": {"value": "[\"0cd8048836c3f5d8f92bd4e6401a2111\", \"487513e60b41a6c3ae6c0e17f935789a\"]"}}, {"model": "thumbnail.kvstore", "pk": "sorl-thumbnail||thumbnails||70f0644078e54cf620589b9478a77579", "fields": {"value": "[\"82b33867ab91789822b73fe5ece07386\", \"7f671bbf5c152af8a1886b6230185581\"]"}}, {"model": "thumbnail.kvstore", "pk": "sorl-thumbnail||thumbnails||71ebc12835fd2b3e34f3b4302ca5a953", "fields": {"value": "[\"38517b29c2d11adb902c4a15aae9332c\", \"49713f4cc6c865c96a877e16252a1c36\"]"}}, {"model": "thumbnail.kvstore", "pk": "sorl-thumbnail||thumbnails||76246f7d0db32bdfdb75b5f3747e6d2c", "fields": {"value": "[\"d1669c78abfd494184369a13642ca2d8\"]"}}, {"model": "thumbnail.kvstore", "pk": "sorl-thumbnail||thumbnails||888a2212539093723717841d11472a07", "fields": {"value": "[\"19dedaeb40693043118c378622d89a9c\", \"3d130a3cc344c5d890ac0d8aea1194b3\", \"9722c79f390351fc588644c44021c7e4\"]"}}, {"model": "thumbnail.kvstore", "pk": "sorl-thumbnail||thumbnails||97a3cacf747f79def7bab8e14e598a57", "fields": {"value": "[\"79dd2971b46f0d911fb58863bfd1968f\", \"73773a346cc2db3243baa738571a2a89\", \"b8ec4f53e7008f66426315e172ce51cf\"]"}}, {"model": "thumbnail.kvstore", "pk": "sorl-thumbnail||thumbnails||b4526c5576cc88bd3ca3843cc5fa9d38", "fields": {"value": "[\"bd727ebcab3b5cd0f7687360814478fb\", \"aaa75d450d37e907f5ac35740380d113\"]"}}, {"model": "thumbnail.kvstore", "pk": "sorl-thumbnail||thumbnails||dd18b85c08b0d4ccd76de5fb74ccf9af", "fields": {"value": "[\"782cdb3b3fd14ce9d085c7cdea3e1558\", \"cdd25066e472b97f86e6d54e6b149200\"]"}}, {"model": "thumbnail.kvstore", "pk": "sorl-thumbnail||thumbnails||df0448c4a0d6a73df447f66863970c2a", "fields": {"value": "[\"659cbf7c05eea7923f2daa7878eb7103\", \"583788eef84cdd37d9c1d97a7cfa60bb\"]"}}, {"model": "admin.logentry", "pk": 1, "fields": {"action_time": "2021-01-12T16:28:51.342Z", "user": 1, "content_type": 11, "object_id": "2", "object_repr": "alexx", "action_flag": 1, "change_message": "[{\"added\": {}}]"}}, {"model": "admin.logentry", "pk": 2, "fields": {"action_time": "2021-01-12T16:29:01.545Z", "user": 1, "content_type": 11, "object_id": "3", "object_repr": "max", "action_flag": 1, "change_message": "[{\"added\": {}}]"}}, {"model": "admin.logentry", "pk": 3, "fields": {"action_time": "2021-01-12T16:29:16.193Z", "user": 1, "content_type": 11, "object_id": "4", "object_repr": "anonimus", "action_flag": 1, "change_message": "[{\"added\": {}}]"}}, {"model": "admin.logentry", "pk": 4, "fields": {"action_time": "2021-01-12T16:32:01.883Z", "user": 1, "content_type": 2, "object_id": "1", "object_repr": "Баранина / гр", "action_flag": 1, "change_message": "[{\"added\": {}}]"}}, {"model": "admin.logentry", "pk": 5, "fields": {"action_time": "2021-01-12T16:32:15.839Z", "user": 1, "content_type": 2, "object_id": "2", "object_repr": "Морковь / гр", "action_flag": 1, "change_message": "[{\"added\": {}}]"}}, {"model": "admin.logentry", "pk": 6, "fields": {"action_time": "2021-01-12T16:32:27.784Z", "user": 1, "content_type": 2, "object_id": "3", "object_repr": "Лук репчатый / гр", "action_flag": 1, "change_message": "[{\"added\": {}}]"}}, {"model": "admin.logentry", "pk": 7, "fields": {"action_time": "2021-01-12T16:32:42.486Z", "user": 1, "content_type": 2, "object_id": "4", "object_repr": "Масло растительное / мл", "action_flag": 1, "change_message": "[{\"added\": {}}]"}}, {"model": "admin.logentry", "pk": 8, "fields": {"action_time": "2021-01-12T16:33:00.332Z", "user": 1, "content_type": 2, "object_id": "5", "object_repr": "Соль / гр", "action_flag": 1, "change_message": "[{\"added\": {}}]"}}, {"model": "admin.logentry", "pk": 9, "fields": {"action_time": "2021-01-12T16:33:12.380Z", "user": 1, "content_type": 2, "object_id": "6", "object_repr": "Рис / гр", "action_flag": 1, "change_message": "[{\"added\": {}}]"}}, {"model": "admin.logentry", "pk": 10, "fields": {"action_time": "2021-01-12T16:33:25.840Z", "user": 1, "content_type": 2, "object_id": "7", "object_repr": "Вода / л", "action_flag": 1, "change_message": "[{\"added\": {}}]"}}, {"model": "admin.logentry", "pk": 11, "fields": {"action_time": "2021-01-12T16:33:37.721Z", "user": 1, "content_type": 2, "object_id": "8", "object_repr": "Чеснок / гр", "action_flag": 1, "change_message": "[{\"added\": {}}]"}}, {"model": "admin.logentry", "pk": 12, "fields": {"action_time": "2021-01-12T16:33:42.164Z", "user": 1, "content_type": 3, "object_id": "1", "object_repr": "Плов", "action_flag": 1, "change_message": "[{\"added\": {}}, {\"added\": {\"name\": \"recipe ingredients\", \"object\": \"RecipeIngredients object (1)\"}}, {\"added\": {\"name\": \"recipe ingredients\", \"object\": \"RecipeIngredients object (2)\"}}, {\"added\": {\"name\": \"recipe ingredients\", \"object\": \"RecipeIngredients object (3)\"}}, {\"added\": {\"name\": \"recipe ingredients\", \"object\": \"RecipeIngredients object (4)\"}}, {\"added\": {\"name\": \"recipe ingredients\", \"object\": \"RecipeIngredients object (5)\"}}, {\"added\": {\"name\": \"recipe ingredients\", \"object\": \"RecipeIngredients object (6)\"}}, {\"added\": {\"name\": \"recipe ingredients\", \"object\": \"RecipeIngredients object (7)\"}}, {\"added\": {\"name\": \"recipe ingredients\", \"object\": \"RecipeIngredients object (8)\"}}]"}}, {"model": "admin.logentry", "pk": 13, "fields": {"action_time": "2021-01-12T16:33:48.570Z", "user": 1, "content_type": 3, "object_id": "1", "object_repr": "Плов", "action_flag": 2, "change_message": "[]"}}, {"model": "admin.logentry", "pk": 14, "fields": {"action_time": "2021-01-12T16:48:45.613Z", "user": 1, "content_type": 2, "object_id": "9", "object_repr": "Свекла / гр", "action_flag": 1, "change_message": "[{\"added\": {}}]"}}, {"model": "admin.logentry", "pk": 15, "fields": {"action_time": "2021-01-12T16:49:20.684Z", "user": 1, "content_type": 2, "object_id": "10", "object_repr": "Свинина / гр", "action_flag": 1, "change_message": "[{\"added\": {}}]"}}, {"model": "admin.logentry", "pk": 16, "fields": {"action_time": "2021-01-12T16:49:33.494Z", "user": 1, "content_type": 2, "object_id": "11", "object_repr": "Картофель / гр", "action_flag": 1, "change_message": "[{\"added\": {}}]"}}, {"model": "admin.logentry", "pk": 17, "fields": {"action_time": "2021-01-12T16:49:59.392Z", "user": 1, "content_type": 2, "object_id": "12", "object_repr": "Капустa / гр", "action_flag": 1, "change_message": "[{\"added\": {}}]"}}, {"model": "admin.logentry", "pk": 18, "fields": {"action_time": "2021-01-12T16:50:11.816Z", "user": 1, "content_type": 2, "object_id": "13", "object_repr": "Помидор / гр", "action_flag": 1, "change_message": "[{\"added\": {}}]"}}, {"model": "admin.logentry", "pk": 19, "fields": {"action_time": "2021-01-12T16:50:26.724Z", "user": 1, "content_type": 2, "object_id": "14", "object_repr": "Уксус / мл", "action_flag": 1, "change_message": "[{\"added\": {}}]"}}, {"model": "admin.logentry", "pk": 20, "fields": {"action_time": "2021-01-12T16:50:42.638Z", "user": 1, "content_type": 2, "object_id": "15", "object_repr": "Сахар / гр", "action_flag": 1, "change_message": "[{\"added\": {}}]"}}, {"model": "admin.logentry", "pk": 21, "fields": {"action_time": "2021-01-12T16:51:07.959Z", "user": 1, "content_type": 2, "object_id": "16", "object_repr": "Укроп / гр", "action_flag": 1, "change_message": "[{\"added\": {}}]"}}, {"model": "admin.logentry", "pk": 22, "fields": {"action_time": "2021-01-12T16:51:18.535Z", "user": 1, "content_type": 3, "object_id": "3", "object_repr": "Борщ", "action_flag": 1, "change_message": "[{\"added\": {}}, {\"added\": {\"name\": \"recipe ingredients\", \"object\": \"RecipeIngredients object (9)\"}}, {\"added\": {\"name\": \"recipe ingredients\", \"object\": \"RecipeIngredients object (10)\"}}, {\"added\": {\"name\": \"recipe ingredients\", \"object\": \"RecipeIngredients object (11)\"}}, {\"added\": {\"name\": \"recipe ingredients\", \"object\": \"RecipeIngredients object (12)\"}}, {\"added\": {\"name\": \"recipe ingredients\", \"object\": \"RecipeIngredients object (13)\"}}, {\"added\": {\"name\": \"recipe ingredients\", \"object\": \"RecipeIngredients object (14)\"}}, {\"added\": {\"name\": \"recipe ingredients\", \"object\": \"RecipeIngredients object (15)\"}}, {\"added\": {\"name\": \"recipe ingredients\", \"object\": \"RecipeIngredients object (16)\"}}, {\"added\": {\"name\": \"recipe ingredients\", \"object\": \"RecipeIngredients object (17)\"}}, {\"added\": {\"name\": \"recipe ingredients\", \"object\": \"RecipeIngredients object (18)\"}}, {\"added\": {\"name\": \"recipe ingredients\", \"object\": \"RecipeIngredients object (19)\"}}]"}}, {"model": "admin.logentry", "pk": 23, "fields": {"action_time": "2021-01-12T16:52:41.441Z", "user": 1, "content_type": 2, "object_id": "17", "object_repr": "Масло сливочное / гр", "action_flag": 1, "change_message": "[{\"added\": {}}]"}}, {"model": "admin.logentry", "pk": 24, "fields": {"action_time": "2021-01-12T16:52:57.709Z", "user": 1, "content_type": 2, "object_id": "18", "object_repr": "Яйцо куриное / шт", "action_flag": 1, "change_message": "[{\"added\": {}}]"}}, {"model": "admin.logentry", "pk": 25, "fields": {"action_time": "2021-01-12T16:53:15.360Z", "user": 1, "content_type": 3, "object_id": "4", "object_repr": "Классический французский омлет", "action_flag": 1, "change_message": "[{\"added\": {}}, {\"added\": {\"name\": \"recipe ingredients\", \"object\": \"RecipeIngredients object (20)\"}}, {\"added\": {\"name\": \"recipe ingredients\", \"object\": \"RecipeIngredients object (21)\"}}, {\"added\": {\"name\": \"recipe ingredients\", \"object\": \"RecipeIngredients object (22)\"}}]"}}, {"model": "admin.logentry", "pk": 26, "fields": {"action_time": "2021-01-12T16:56:29.095Z", "user": 1, "content_type": 2, "object_id": "19", "object_repr": "Сода / гр", "action_flag": 1, "change_message": "[{\"added\": {}}]"}}, {"model": "admin.logentry", "pk": 27, "fields": {"action_time": "2021-01-12T16:57:05.540Z", "user": 1, "content_type": 2, "object_id": "20", "object_repr": "Мука пшеничная / гр", "action_flag": 1, "change_message": "[{\"added\": {}}]"}}, {"model": "admin.logentry", "pk": 28, "fields": {"action_time": "2021-01-12T16:57:33.995Z", "user": 1, "content_type": 2, "object_id": "21", "object_repr": "Молоко / мл", "action_flag": 1, "change_message": "[{\"added\": {}}]"}}, {"model": "admin.logentry", "pk": 29, "fields": {"action_time": "2021-01-12T16:57:48.797Z", "user": 1, "content_type": 2, "object_id": "22", "object_repr": "Кефир / мл", "action_flag": 1, "change_message": "[{\"added\": {}}]"}}, {"model": "admin.logentry", "pk": 30, "fields": {"action_time": "2021-01-12T16:57:59.606Z", "user": 1, "content_type": 3, "object_id": "5", "object_repr": "Ажурные блины", "action_flag": 1, "change_message": "[{\"added\": {}}, {\"added\": {\"name\": \"recipe ingredients\", \"object\": \"RecipeIngredients object (23)\"}}, {\"added\": {\"name\": \"recipe ingredients\", \"object\": \"RecipeIngredients object (24)\"}}, {\"added\": {\"name\": \"recipe ingredients\", \"object\": \"RecipeIngredients object (25)\"}}, {\"added\": {\"name\": \"recipe ingredients\", \"object\": \"RecipeIngredients object (26)\"}}, {\"added\": {\"name\": \"recipe ingredients\", \"object\": \"RecipeIngredients object (27)\"}}, {\"added\": {\"name\": \"recipe ingredients\", \"object\": \"RecipeIngredients object (28)\"}}, {\"added\": {\"name\": \"recipe ingredients\", \"object\": \"RecipeIngredients object (29)\"}}, {\"added\": {\"name\": \"recipe ingredients\", \"object\": \"RecipeIngredients object (30)\"}}]"}}, {"model": "admin.logentry", "pk": 31, "fields": {"action_time": "2021-01-12T16:59:57.395Z", "user": 1, "content_type": 2, "object_id": "23", "object_repr": "Рыба / гр", "action_flag": 1, "change_message": "[{\"added\": {}}]"}}, {"model": "admin.logentry", "pk": 32, "fields": {"action_time": "2021-01-12T17:00:24.384Z", "user": 1, "content_type": 2, "object_id": "24", "object_repr": "Крахмал картофельный / гр", "action_flag": 1, "change_message": "[{\"added\": {}}]"}}, {"model": "admin.logentry", "pk": 33, "fields": {"action_time": "2021-01-12T17:00:39.819Z", "user": 1, "content_type": 2, "object_id": "25", "object_repr": "Хлопья овсяные / гр", "action_flag": 1, "change_message": "[{\"added\": {}}]"}}, {"model": "admin.logentry", "pk": 34, "fields": {"action_time": "2021-01-12T17:00:50.549Z", "user": 1, "content_type": 2, "object_id": "26", "object_repr": "Соевый соус / мл", "action_flag": 1, "change_message": "[{\"added\": {}}]"}}, {"model": "admin.logentry", "pk": 35, "fields": {"action_time": "2021-01-12T17:01:08.372Z", "user": 1, "content_type": 2, "object_id": "27", "object_repr": "Черный перец / гр", "action_flag": 1, "change_message": "[{\"added\": {}}]"}}, {"model": "admin.logentry", "pk": 36, "fields": {"action_time": "2021-01-12T17:01:20.232Z", "user": 1, "content_type": 3, "object_id": "6", "object_repr": "Котлеты рыбные \"Монастырские\"", "action_flag": 1, "change_message": "[{\"added\": {}}, {\"added\": {\"name\": \"recipe ingredients\", \"object\": \"RecipeIngredients object (31)\"}}, {\"added\": {\"name\": \"recipe ingredients\", \"object\": \"RecipeIngredients object (32)\"}}, {\"added\": {\"name\": \"recipe ingredients\", \"object\": \"RecipeIngredients object (33)\"}}, {\"added\": {\"name\": \"recipe ingredients\", \"object\": \"RecipeIngredients object (34)\"}}, {\"added\": {\"name\": \"recipe ingredients\", \"object\": \"RecipeIngredients object (35)\"}}, {\"added\": {\"name\": \"recipe ingredients\", \"object\": \"RecipeIngredients object (36)\"}}, {\"added\": {\"name\": \"recipe ingredients\", \"object\": \"RecipeIngredients object (37)\"}}, {\"added\": {\"name\": \"recipe ingredients\", \"object\": \"RecipeIngredients object (38)\"}}]"}}, {"model": "admin.logentry", "pk": 37, "fields": {"action_time": "2021-01-12T17:06:35.413Z", "user": 1, "content_type": 2, "object_id": "28", "object_repr": "Говядина / гр", "action_flag": 1, "change_message": "[{\"added\": {}}]"}}, {"model": "admin.logentry", "pk": 38, "fields": {"action_time": "2021-01-12T17:07:09.137Z", "user": 1, "content_type": 2, "object_id": "29", "object_repr": "Огурец / гр", "action_flag": 1, "change_message": "[{\"added\": {}}]"}}, {"model": "admin.logentry", "pk": 39, "fields": {"action_time": "2021-01-12T17:07:41.641Z", "user": 1, "content_type": 2, "object_id": "30", "object_repr": "Томатная паста / гр", "action_flag": 1, "change_message": "[{\"added\": {}}]"}}, {"model": "admin.logentry", "pk": 40, "fields": {"action_time": "2021-01-12T17:08:25.028Z", "user": 1, "content_type": 2, "object_id": "27", "object_repr": "Перец молотый / гр", "action_flag": 2, "change_message": "[{\"changed\": {\"fields\": [\"\\u0418\\u043d\\u0433\\u0440\\u0435\\u0434\\u0438\\u0435\\u043d\\u0442\"]}}]"}}, {"model": "admin.logentry", "pk": 41, "fields": {"action_time": "2021-01-12T17:08:29.744Z", "user": 1, "content_type": 3, "object_id": "7", "object_repr": "Солянка по-мегрельски", "action_flag": 1, "change_message": "[{\"added\": {}}, {\"added\": {\"name\": \"recipe ingredients\", \"object\": \"RecipeIngredients object (39)\"}}, {\"added\": {\"name\": \"recipe ingredients\", \"object\": \"RecipeIngredients object (40)\"}}, {\"added\": {\"name\": \"recipe ingredients\", \"object\": \"RecipeIngredients object (41)\"}}, {\"added\": {\"name\": \"recipe ingredients\", \"object\": \"RecipeIngredients object (42)\"}}, {\"added\": {\"name\": \"recipe ingredients\", \"object\": \"RecipeIngredients object (43)\"}}, {\"added\": {\"name\": \"recipe ingredients\", \"object\": \"RecipeIngredients object (44)\"}}, {\"added\": {\"name\": \"recipe ingredients\", \"object\": \"RecipeIngredients object (45)\"}}, {\"added\": {\"name\": \"recipe ingredients\", \"object\": \"RecipeIngredients object (46)\"}}, {\"added\": {\"name\": \"recipe ingredients\", \"object\": \"RecipeIngredients object (47)\"}}]"}}, {"model": "admin.logentry", "pk": 42, "fields": {"action_time": "2021-01-12T17:13:50.553Z", "user": 1, "content_type": 2, "object_id": "31", "object_repr": "Сливки 20% / мл", "action_flag": 1, "change_message": "[{\"added\": {}}]"}}, {"model": "admin.logentry", "pk": 43, "fields": {"action_time": "2021-01-12T17:14:09.140Z", "user": 1, "content_type": 2, "object_id": "32", "object_repr": "Бекон / гр", "action_flag": 1, "change_message": "[{\"added\": {}}]"}}, {"model": "admin.logentry", "pk": 44, "fields": {"action_time": "2021-01-12T17:14:36.703Z", "user": 1, "content_type": 3, "object_id": "8", "object_repr": "Филе миньон с луково-брусничным соусом", "action_flag": 1, "change_message": "[{\"added\": {}}, {\"added\": {\"name\": \"recipe ingredients\", \"object\": \"RecipeIngredients object (48)\"}}, {\"added\": {\"name\": \"recipe ingredients\", \"object\": \"RecipeIngredients object (49)\"}}, {\"added\": {\"name\": \"recipe ingredients\", \"object\": \"RecipeIngredients object (50)\"}}, {\"added\": {\"name\": \"recipe ingredients\", \"object\": \"RecipeIngredients object (51)\"}}, {\"added\": {\"name\": \"recipe ingredients\", \"object\": \"RecipeIngredients object (52)\"}}, {\"added\": {\"name\": \"recipe ingredients\", \"object\": \"RecipeIngredients object (53)\"}}, {\"added\": {\"name\": \"recipe ingredients\", \"object\": \"RecipeIngredients object (54)\"}}]"}}, {"model": "admin.logentry", "pk": 45, "fields": {"action_time": "2021-01-12T17:17:22.397Z", "user": 1, "content_type": 2, "object_id": "33", "object_repr": "Дрожжи / гр", "action_flag": 1, "change_message": "[{\"added\": {}}]"}}, {"model": "admin.logentry", "pk": 46, "fields": {"action_time": "2021-01-12T17:17:49.636Z", "user": 1, "content_type": 2, "object_id": "34", "object_repr": "Корица / гр", "action_flag": 1, "change_message": "[{\"added\": {}}]"}}, {"model": "admin.logentry", "pk": 47, "fields": {"action_time": "2021-01-12T17:17:57.521Z", "user": 1, "content_type": 3, "object_id": "9", "object_repr": "Шведские булочки с корицей", "action_flag": 1, "change_message": "[{\"added\": {}}, {\"added\": {\"name\": \"recipe ingredients\", \"object\": \"RecipeIngredients object (55)\"}}, {\"added\": {\"name\": \"recipe ingredients\", \"object\": \"RecipeIngredients object (56)\"}}, {\"added\": {\"name\": \"recipe ingredients\", \"object\": \"RecipeIngredients object (57)\"}}, {\"added\": {\"name\": \"recipe ingredients\", \"object\": \"RecipeIngredients object (58)\"}}, {\"added\": {\"name\": \"recipe ingredients\", \"object\": \"RecipeIngredients object (59)\"}}, {\"added\": {\"name\": \"recipe ingredients\", \"object\": \"RecipeIngredients object (60)\"}}, {\"added\": {\"name\": \"recipe ingredients\", \"object\": \"RecipeIngredients object (61)\"}}]"}}, {"model": "admin.logentry", "pk": 48, "fields": {"action_time": "2021-01-12T17:19:13.669Z", "user": 1, "content_type": 2, "object_id": "35", "object_repr": "Яблоко / гр", "action_flag": 1, "change_message": "[{\"added\": {}}]"}}, {"model": "admin.logentry", "pk": 49, "fields": {"action_time": "2021-01-12T17:19:24.231Z", "user": 1, "content_type": 2, "object_id": "36", "object_repr": "Апельсин / гр", "action_flag": 1, "change_message": "[{\"added\": {}}]"}}, {"model": "admin.logentry", "pk": 50, "fields": {"action_time": "2021-01-12T17:19:43.842Z", "user": 1, "content_type": 2, "object_id": "37", "object_repr": "Чай черный / гр", "action_flag": 1, "change_message": "[{\"added\": {}}]"}}, {"model": "admin.logentry", "pk": 51, "fields": {"action_time": "2021-01-12T17:20:19.081Z", "user": 1, "content_type": 2, "object_id": "7", "object_repr": "Вода / мл", "action_flag": 2, "change_message": "[{\"changed\": {\"fields\": [\"\\u0415\\u0434\\u0438\\u043d\\u0438\\u0446\\u0430 \\u0438\\u0437\\u043c\\u0435\\u0440\\u0435\\u043d\\u0438\\u044f\"]}}]"}}, {"model": "admin.logentry", "pk": 52, "fields": {"action_time": "2021-01-12T17:20:29.475Z", "user": 1, "content_type": 3, "object_id": "10", "object_repr": "Яблочный чай с апельсином и корицей", "action_flag": 1, "change_message": "[{\"added\": {}}, {\"added\": {\"name\": \"recipe ingredients\", \"object\": \"RecipeIngredients object (62)\"}}, {\"added\": {\"name\": \"recipe ingredients\", \"object\": \"RecipeIngredients object (63)\"}}, {\"added\": {\"name\": \"recipe ingredients\", \"object\": \"RecipeIngredients object (64)\"}}, {\"added\": {\"name\": \"recipe ingredients\", \"object\": \"RecipeIngredients object (65)\"}}, {\"added\": {\"name\": \"recipe ingredients\", \"object\": \"RecipeIngredients object (66)\"}}]"}}, {"model": "auth.permission", "pk": 1, "fields": {"name": "Can add cart", "content_type": 1, "codename": "add_cart"}}, {"model": "auth.permission", "pk": 2, "fields": {"name": "Can change cart", "content_type": 1, "codename": "change_cart"}}, {"model": "auth.permission", "pk": 3, "fields": {"name": "Can delete cart", "content_type": 1, "codename": "delete_cart"}}, {"model": "auth.permission", "pk": 4, "fields": {"name": "Can view cart", "content_type": 1, "codename": "view_cart"}}, {"model": "auth.permission", "pk": 5, "fields": {"name": "Can add Ингредиент", "content_type": 2, "codename": "add_ingredient"}}, {"model": "auth.permission", "pk": 6, "fields": {"name": "Can change Ингредиент", "content_type": 2, "codename": "change_ingredient"}}, {"model": "auth.permission", "pk": 7, "fields": {"name": "Can delete Ингредиент", "content_type": 2, "codename": "delete_ingredient"}}, {"model": "auth.permission", "pk": 8, "fields": {"name": "Can view Ингредиент", "content_type": 2, "codename": "view_ingredient"}}, {"model": "auth.permission", "pk": 9, "fields": {"name": "Can add Рецепт", "content_type": 3, "codename": "add_recipe"}}, {"model": "auth.permission", "pk": 10, "fields": {"name": "Can change Рецепт", "content_type": 3, "codename": "change_recipe"}}, {"model": "auth.permission", "pk": 11, "fields": {"name": "Can delete Рецепт", "content_type": 3, "codename": "delete_recipe"}}, {"model": "auth.permission", "pk": 12, "fields": {"name": "Can view Рецепт", "content_type": 3, "codename": "view_recipe"}}, {"model": "auth.permission", "pk": 13, "fields": {"name": "Can add recipe ingredients", "content_type": 4, "codename": "add_recipeingredients"}}, {"model": "auth.permission", "pk": 14, "fields": {"name": "Can change recipe ingredients", "content_type": 4, "codename": "change_recipeingredients"}}, {"model": "auth.permission", "pk": 15, "fields": {"name": "Can delete recipe ingredients", "content_type": 4, "codename": "delete_recipeingredients"}}, {"model": "auth.permission", "pk": 16, "fields": {"name": "Can view recipe ingredients", "content_type": 4, "codename": "view_recipeingredients"}}, {"model": "auth.permission", "pk": 17, "fields": {"name": "Can add Подписка", "content_type": 5, "codename": "add_follow"}}, {"model": "auth.permission", "pk": 18, "fields": {"name": "Can change Подписка", "content_type": 5, "codename": "change_follow"}}, {"model": "auth.permission", "pk": 19, "fields": {"name": "Can delete Подписка", "content_type": 5, "codename": "delete_follow"}}, {"model": "auth.permission", "pk": 20, "fields": {"name": "Can view Подписка", "content_type": 5, "codename": "view_follow"}}, {"model": "auth.permission", "pk": 21, "fields": {"name": "Can add Избранное", "content_type": 6, "codename": "add_favorite"}}, {"model": "auth.permission", "pk": 22, "fields": {"name": "Can change Избранное", "content_type": 6, "codename": "change_favorite"}}, {"model": "auth.permission", "pk": 23, "fields": {"name": "Can delete Избранное", "content_type": 6, "codename": "delete_favorite"}}, {"model": "auth.permission", "pk": 24, "fields": {"name": "Can view Избранное", "content_type": 6, "codename": "view_favorite"}}, {"model": "auth.permission", "pk": 25, "fields": {"name": "Can add kv store", "content_type": 7, "codename": "add_kvstore"}}, {"model": "auth.permission", "pk": 26, "fields": {"name": "Can change kv store", "content_type": 7, "codename": "change_kvstore"}}, {"model": "auth.permission", "pk": 27, "fields": {"name": "Can delete kv store", "content_type": 7, "codename": "delete_kvstore"}}, {"model": "auth.permission", "pk": 28, "fields": {"name": "Can view kv store", "content_type": 7, "codename": "view_kvstore"}}, {"model": "auth.permission", "pk": 29, "fields": {"name": "Can add log entry", "content_type": 8, "codename": "add_logentry"}}, {"model": "auth.permission", "pk": 30, "fields": {"name": "Can change log entry", "content_type": 8, "codename": "change_logentry"}}, {"model": "auth.permission", "pk": 31, "fields": {"name": "Can delete log entry", "content_type": 8, "codename": "delete_logentry"}}, {"model": "auth.permission", "pk": 32, "fields": {"name": "Can view log entry", "content_type": 8, "codename": "view_logentry"}}, {"model": "auth.permission", "pk": 33, "fields": {"name": "Can add permission", "content_type": 9, "codename": "add_permission"}}, {"model": "auth.permission", "pk": 34, "fields": {"name": "Can change permission", "content_type": 9, "codename": "change_permission"}}, {"model": "auth.permission", "pk": 35, "fields": {"name": "Can delete permission", "content_type": 9, "codename": "delete_permission"}}, {"model": "auth.permission", "pk": 36, "fields": {"name": "Can view permission", "content_type": 9, "codename": "view_permission"}}, {"model": "auth.permission", "pk": 37, "fields": {"name": "Can add group", "content_type": 10, "codename": "add_group"}}, {"model": "auth.permission", "pk": 38, "fields": {"name": "Can change group", "content_type": 10, "codename": "change_group"}}, {"model": "auth.permission", "pk": 39, "fields": {"name": "Can delete group", "content_type": 10, "codename": "delete_group"}}, {"model": "auth.permission", "pk": 40, "fields": {"name": "Can view group", "content_type": 10, "codename": "view_group"}}, {"model": "auth.permission", "pk": 41, "fields": {"name": "Can add user", "content_type": 11, "codename": "add_user"}}, {"model": "auth.permission", "pk": 42, "fields": {"name": "Can change user", "content_type": 11, "codename": "change_user"}}, {"model": "auth.permission", "pk": 43, "fields": {"name": "Can delete user", "content_type": 11, "codename": "delete_user"}}, {"model": "auth.permission", "pk": 44, "fields": {"name": "Can view user", "content_type": 11, "codename": "view_user"}}, {"model": "auth.permission", "pk": 45, "fields": {"name": "Can add content type", "content_type": 12, "codename": "add_contenttype"}}, {"model": "auth.permission", "pk": 46, "fields": {"name": "Can change content type", "content_type": 12, "codename": "change_contenttype"}}, {"model": "auth.permission", "pk": 47, "fields": {"name": "Can delete content type", "content_type": 12, "codename": "delete_contenttype"}}, {"model": "auth.permission", "pk": 48, "fields": {"name": "Can view content type", "content_type": 12, "codename": "view_contenttype"}}, {"model": "auth.permission", "pk": 49, "fields": {"name": "Can add session", "content_type": 13, "codename": "add_session"}}, {"model": "auth.permission", "pk": 50, "fields": {"name": "Can change session", "content_type": 13, "codename": "change_session"}}, {"model": "auth.permission", "pk": 51, "fields": {"name": "Can delete session", "content_type": 13, "codename": "delete_session"}}, {"model": "auth.permission", "pk": 52, "fields": {"name": "Can view session", "content_type": 13, "codename": "view_session"}}, {"model": "auth.user", "pk": 1, "fields": {"password": "pbkdf2_sha256$216000$hqKb0yz47z9h$qUGFtegv8AD31mtOdGghgrTGve6hG9kBx3s45zOFmjI=", "last_login": "2021-01-12T17:03:46.577Z", "is_superuser": true, "username": "admin", "first_name": "", "last_name": "", "email": "admin@admin.com", "is_staff": true, "is_active": true, "date_joined": "2021-01-12T16:28:09.968Z", "groups": [], "user_permissions": []}}, {"model": "auth.user", "pk": 2, "fields": {"password": "pbkdf2_sha256$216000$wCZ2AocDxtMT$J0V0wU96lZJ3oihhNwc8EH17dUxCA/+GdzG64QsM5N4=", "last_login": "2021-01-12T17:21:21.595Z", "is_superuser": false, "username": "alexx", "first_name": "", "last_name": "", "email": "", "is_staff": false, "is_active": true, "date_joined": "2021-01-12T16:28:51.225Z", "groups": [], "user_permissions": []}}, {"model": "auth.user", "pk": 3, "fields": {"password": "pbkdf2_sha256$216000$9rGcq7osvzPH$9+Rj2DsBeWvSOciUGl8nRIhdYlKbnnIqPJSL1mtHJbc=", "last_login": null, "is_superuser": false, "username": "max", "first_name": "", "last_name": "", "email": "", "is_staff": false, "is_active": true, "date_joined": "2021-01-12T16:29:01.430Z", "groups": [], "user_permissions": []}}, {"model": "auth.user", "pk": 4, "fields": {"password": "pbkdf2_sha256$216000$fGac1TycKjXK$acKWSJNMsawh/xv6HNB8wuM6kLewHJnC0OmH5zFE3GY=", "last_login": null, "is_superuser": false, "username": "anonimus", "first_name": "", "last_name": "", "email": "", "is_staff": false, "is_active": true, "date_joined": "2021-01-12T16:29:16.077Z", "groups": [], "user_permissions": []}}, {"model": "contenttypes.contenttype", "pk": 1, "fields": {"app_label": "carts", "model": "cart"}}, {"model": "contenttypes.contenttype", "pk": 2, "fields": {"app_label": "recipes", "model": "ingredient"}}, {"model": "contenttypes.contenttype", "pk": 3, "fields": {"app_label": "recipes", "model": "recipe"}}, {"model": "contenttypes.contenttype", "pk": 4, "fields": {"app_label": "recipes", "model": "recipeingredients"}}, {"model": "contenttypes.contenttype", "pk": 5, "fields": {"app_label": "recipes", "model": "follow"}}, {"model": "contenttypes.contenttype", "pk": 6, "fields": {"app_label": "recipes", "model": "favorite"}}, {"model": "contenttypes.contenttype", "pk": 7, "fields": {"app_label": "thumbnail", "model": "kvstore"}}, {"model": "contenttypes.contenttype", "pk": 8, "fields": {"app_label": "admin", "model": "logentry"}}, {"model": "contenttypes.contenttype", "pk": 9, "fields": {"app_label": "auth", "model": "permission"}}, {"model": "contenttypes.contenttype", "pk": 10, "fields": {"app_label": "auth", "model": "group"}}, {"model": "contenttypes.contenttype", "pk": 11, "fields": {"app_label": "auth", "model": "user"}}, {"model": "contenttypes.contenttype", "pk": 12, "fields": {"app_label": "contenttypes", "model": "contenttype"}}, {"model": "contenttypes.contenttype", "pk": 13, "fields": {"app_label": "sessions", "model": "session"}}, {"model": "sessions.session", "pk": "da07ztkq7g65vnkv7j0p5x5f95wgqpia", "fields": {"session_data": ".eJxVjDsOwjAQBe_iGll24i8lPWew1rtrHECOFCcV4u4QKQW0b2beSyTY1pq2zkuaSJzFIE6_WwZ8cNsB3aHdZolzW5cpy12RB-3yOhM_L4f7d1Ch12-tjWLtvB1KyWMMY9GOIxYdkAsiMTggb4yJ5Dk4zAFsVsEEZ7X1ir14fwDy-Tgf:1kzNM9:N_IrYL61eOgmpVc_LlcnQfNOpqb_MY4zUG-yIW13IAk", "expire_date": "2021-01-26T17:21:21.598Z"}}]