[{"model": "recipes.unit", "pk": 1, "fields": {"title": "гр", "description": "граммы", "slug": "gr"}}, {"model": "recipes.unit", "pk": 2, "fields": {"title": "мл", "description": "милилитры", "slug": "ml"}}, {"model": "recipes.unit", "pk": 3, "fields": {"title": "шт", "description": "штук", "slug": "sht"}}, {"model": "recipes.unit", "pk": 4, "fields": {"title": "л", "description": "литры", "slug": "l"}}, {"model": "recipes.tag", "pk": 1, "fields": {"title": "завтрак", "description": "завтрак", "slug": "zavtrak"}}, {"model": "recipes.tag", "pk": 2, "fields": {"title": "обед", "description": "обед", "slug": "obed"}}, {"model": "recipes.tag", "pk": 3, "fields": {"title": "ужин", "description": "ужин", "slug": "uzhin"}}, {"model": "recipes.ingredient", "pk": 1, "fields": {"title": "соль", "description": "соль", "unit": 1, "image": "", "slug": "sol"}}, {"model": "recipes.ingredient", "pk": 2, "fields": {"title": "картофель", "description": "картофель", "unit": 1, "image": "", "slug": "kartofel"}}, {"model": "recipes.ingredient", "pk": 3, "fields": {"title": "говядина", "description": "говядина", "unit": 1, "image": "", "slug": "govyadina"}}, {"model": "recipes.ingredient", "pk": 4, "fields": {"title": "баранина", "description": "баранина", "unit": 1, "image": "", "slug": "baranina"}}, {"model": "recipes.ingredient", "pk": 5, "fields": {"title": "масло растительное", "description": "масло растительное", "unit": 2, "image": "", "slug": "maslo-rastitelnoe"}}, {"model": "recipes.ingredient", "pk": 6, "fields": {"title": "яйцо куриное", "description": "яйцо куриное", "unit": 3, "image": "", "slug": "yajtso-kurinoe"}}, {"model": "recipes.ingredient", "pk": 7, "fields": {"title": "макароны", "description": "макароны", "unit": 1, "image": "", "slug": "makaronyi"}}, {"model": "recipes.ingredient", "pk": 8, "fields": {"title": "клюква", "description": "клюква", "unit": 1, "image": "", "slug": "klyukva"}}, {"model": "recipes.ingredient", "pk": 9, "fields": {"title": "вода", "description": "вода", "unit": 4, "image": "", "slug": "voda"}}, {"model": "recipes.recipe", "pk": 1, "fields": {"author": 3, "title": "Суп", "description": "Варим и едим", "image": "Recipe/sup.png", "cooking_time": 90, "slug": "sup", "draft": false, "tags": [1, 2, 3]}}, {"model": "recipes.recipe", "pk": 2, "fields": {"author": 3, "title": "Плов", "description": "Просто плов", "image": "Recipe/plov.png", "cooking_time": 120, "slug": "plov", "draft": false, "tags": [2, 3]}}, {"model": "recipes.recipe", "pk": 3, "fields": {"author": 3, "title": "Омлет", "description": "Просто омлет", "image": "Recipe/omlet.png", "cooking_time": 15, "slug": "omlet", "draft": false, "tags": [1]}}, {"model": "recipes.recipe", "pk": 4, "fields": {"author": 2, "title": "Макароны", "description": "Просто сварить", "image": "Recipe/makaronyi.png", "cooking_time": 20, "slug": "makaronyi", "draft": false, "tags": [2, 3]}}, {"model": "recipes.recipe", "pk": 5, "fields": {"author": 3, "title": "Морс", "description": "Морс", "image": "Recipe/mors.jpg", "cooking_time": 60, "slug": "mors", "draft": false, "tags": [1, 2]}}, {"model": "recipes.recipe", "pk": 6, "fields": {"author": 2, "title": "Котлеты", "description": "Котлеты", "image": "Recipe/kotletyi.png", "cooking_time": 60, "slug": "kotletyi", "draft": false, "tags": [2]}}, {"model": "recipes.recipe", "pk": 7, "fields": {"author": 2, "title": "Жаркое", "description": "Жаркое", "image": "Recipe/zharkoe.png", "cooking_time": 60, "slug": "zharkoe", "draft": true, "tags": [2, 3]}}, {"model": "recipes.recipeingredients", "pk": 1, "fields": {"recipe": 1, "ingredient": 1, "quantity": 5}}, {"model": "recipes.recipeingredients", "pk": 2, "fields": {"recipe": 1, "ingredient": 2, "quantity": 300}}, {"model": "recipes.recipeingredients", "pk": 3, "fields": {"recipe": 1, "ingredient": 3, "quantity": 500}}, {"model": "recipes.recipeingredients", "pk": 4, "fields": {"recipe": 2, "ingredient": 1, "quantity": 10}}, {"model": "recipes.recipeingredients", "pk": 5, "fields": {"recipe": 2, "ingredient": 4, "quantity": 500}}, {"model": "recipes.recipeingredients", "pk": 6, "fields": {"recipe": 2, "ingredient": 5, "quantity": 200}}, {"model": "recipes.recipeingredients", "pk": 7, "fields": {"recipe": 3, "ingredient": 1, "quantity": 5}}, {"model": "recipes.recipeingredients", "pk": 8, "fields": {"recipe": 3, "ingredient": 6, "quantity": 2}}, {"model": "recipes.recipeingredients", "pk": 9, "fields": {"recipe": 4, "ingredient": 7, "quantity": 200}}, {"model": "recipes.recipeingredients", "pk": 10, "fields": {"recipe": 4, "ingredient": 1, "quantity": 5}}, {"model": "recipes.recipeingredients", "pk": 11, "fields": {"recipe": 5, "ingredient": 8, "quantity": 300}}, {"model": "recipes.recipeingredients", "pk": 12, "fields": {"recipe": 5, "ingredient": 9, "quantity": 3}}, {"model": "recipes.recipeingredients", "pk": 13, "fields": {"recipe": 6, "ingredient": 3, "quantity": 1000}}, {"model": "recipes.recipeingredients", "pk": 14, "fields": {"recipe": 6, "ingredient": 1, "quantity": 10}}, {"model": "recipes.recipeingredients", "pk": 15, "fields": {"recipe": 6, "ingredient": 6, "quantity": 2}}, {"model": "recipes.recipeingredients", "pk": 16, "fields": {"recipe": 7, "ingredient": 2, "quantity": 300}}, {"model": "recipes.recipeingredients", "pk": 17, "fields": {"recipe": 7, "ingredient": 3, "quantity": 300}}, {"model": "recipes.recipeingredients", "pk": 18, "fields": {"recipe": 7, "ingredient": 1, "quantity": 10}}, {"model": "users.user", "pk": 1, "fields": {"password": "pbkdf2_sha256$216000$DZ0t2aaGpfLV$Uv4myatAbEHfRb9JAYnQXPlfzVHxwtYX1/JM76u3THA=", "last_login": "2021-01-03T16:06:41.792Z", "is_superuser": true, "first_name": "Aleksandr", "last_name": "Sergeev", "is_staff": true, "is_active": true, "date_joined": "2020-12-28T16:02:08Z", "username": "admin", "email": "admin@admin.com", "bio": "", "role": "admin", "groups": [], "user_permissions": []}}, {"model": "users.user", "pk": 2, "fields": {"password": "123456789", "last_login": null, "is_superuser": false, "first_name": "Aleksandr", "last_name": "Sergeev", "is_staff": false, "is_active": true, "date_joined": "2021-01-03T15:13:46Z", "username": "alexx", "email": "alexx.sergeev@gmail.com", "bio": "", "role": "admin", "groups": [], "user_permissions": []}}, {"model": "users.user", "pk": 3, "fields": {"password": "123456789", "last_login": null, "is_superuser": false, "first_name": "Anton", "last_name": "Chechov", "is_staff": false, "is_active": true, "date_joined": "2021-01-03T15:14:16Z", "username": "anton", "email": "anton@mail.com", "bio": "", "role": "user", "groups": [], "user_permissions": []}}, {"model": "admin.logentry", "pk": 1, "fields": {"action_time": "2020-12-28T16:05:45.246Z", "user": 1, "content_type": 5, "object_id": "1", "object_repr": "завтрак", "action_flag": 1, "change_message": "[{\"added\": {}}]"}}, {"model": "admin.logentry", "pk": 2, "fields": {"action_time": "2020-12-28T16:05:51.168Z", "user": 1, "content_type": 5, "object_id": "2", "object_repr": "обед", "action_flag": 1, "change_message": "[{\"added\": {}}]"}}, {"model": "admin.logentry", "pk": 3, "fields": {"action_time": "2020-12-28T16:05:57.060Z", "user": 1, "content_type": 5, "object_id": "3", "object_repr": "ужин", "action_flag": 1, "change_message": "[{\"added\": {}}]"}}, {"model": "admin.logentry", "pk": 4, "fields": {"action_time": "2020-12-28T16:06:29.997Z", "user": 1, "content_type": 6, "object_id": "1", "object_repr": "гр", "action_flag": 1, "change_message": "[{\"added\": {}}]"}}, {"model": "admin.logentry", "pk": 5, "fields": {"action_time": "2020-12-28T16:06:39.861Z", "user": 1, "content_type": 3, "object_id": "1", "object_repr": "соль", "action_flag": 1, "change_message": "[{\"added\": {}}]"}}, {"model": "admin.logentry", "pk": 6, "fields": {"action_time": "2020-12-28T16:06:52.378Z", "user": 1, "content_type": 3, "object_id": "2", "object_repr": "картофель", "action_flag": 1, "change_message": "[{\"added\": {}}]"}}, {"model": "admin.logentry", "pk": 7, "fields": {"action_time": "2020-12-28T16:07:15.090Z", "user": 1, "content_type": 3, "object_id": "3", "object_repr": "говядина", "action_flag": 1, "change_message": "[{\"added\": {}}]"}}, {"model": "admin.logentry", "pk": 8, "fields": {"action_time": "2020-12-28T16:07:20.467Z", "user": 1, "content_type": 4, "object_id": "1", "object_repr": "Суп", "action_flag": 1, "change_message": "[{\"added\": {}}, {\"added\": {\"name\": \"\\u0421\\u043e\\u0441\\u0442\\u0430\\u0432 \\u0440\\u0435\\u0446\\u0435\\u043f\\u0442\\u0430\", \"object\": \"RecipeIngredients object (1)\"}}, {\"added\": {\"name\": \"\\u0421\\u043e\\u0441\\u0442\\u0430\\u0432 \\u0440\\u0435\\u0446\\u0435\\u043f\\u0442\\u0430\", \"object\": \"RecipeIngredients object (2)\"}}, {\"added\": {\"name\": \"\\u0421\\u043e\\u0441\\u0442\\u0430\\u0432 \\u0440\\u0435\\u0446\\u0435\\u043f\\u0442\\u0430\", \"object\": \"RecipeIngredients object (3)\"}}]"}}, {"model": "admin.logentry", "pk": 9, "fields": {"action_time": "2020-12-28T16:08:00.415Z", "user": 1, "content_type": 3, "object_id": "4", "object_repr": "баранина", "action_flag": 1, "change_message": "[{\"added\": {}}]"}}, {"model": "admin.logentry", "pk": 10, "fields": {"action_time": "2020-12-28T16:08:24.581Z", "user": 1, "content_type": 6, "object_id": "2", "object_repr": "мл", "action_flag": 1, "change_message": "[{\"added\": {}}]"}}, {"model": "admin.logentry", "pk": 11, "fields": {"action_time": "2020-12-28T16:08:30.461Z", "user": 1, "content_type": 3, "object_id": "5", "object_repr": "масло растительное", "action_flag": 1, "change_message": "[{\"added\": {}}]"}}, {"model": "admin.logentry", "pk": 12, "fields": {"action_time": "2020-12-28T16:08:36.930Z", "user": 1, "content_type": 4, "object_id": "2", "object_repr": "Плов", "action_flag": 1, "change_message": "[{\"added\": {}}, {\"added\": {\"name\": \"\\u0421\\u043e\\u0441\\u0442\\u0430\\u0432 \\u0440\\u0435\\u0446\\u0435\\u043f\\u0442\\u0430\", \"object\": \"RecipeIngredients object (4)\"}}, {\"added\": {\"name\": \"\\u0421\\u043e\\u0441\\u0442\\u0430\\u0432 \\u0440\\u0435\\u0446\\u0435\\u043f\\u0442\\u0430\", \"object\": \"RecipeIngredients object (5)\"}}, {\"added\": {\"name\": \"\\u0421\\u043e\\u0441\\u0442\\u0430\\u0432 \\u0440\\u0435\\u0446\\u0435\\u043f\\u0442\\u0430\", \"object\": \"RecipeIngredients object (6)\"}}]"}}, {"model": "admin.logentry", "pk": 13, "fields": {"action_time": "2020-12-28T16:09:21.573Z", "user": 1, "content_type": 6, "object_id": "3", "object_repr": "шт", "action_flag": 1, "change_message": "[{\"added\": {}}]"}}, {"model": "admin.logentry", "pk": 14, "fields": {"action_time": "2020-12-28T16:09:28.452Z", "user": 1, "content_type": 3, "object_id": "6", "object_repr": "яйцо куриное", "action_flag": 1, "change_message": "[{\"added\": {}}]"}}, {"model": "admin.logentry", "pk": 15, "fields": {"action_time": "2020-12-28T16:09:33.218Z", "user": 1, "content_type": 4, "object_id": "3", "object_repr": "Омлет", "action_flag": 1, "change_message": "[{\"added\": {}}, {\"added\": {\"name\": \"\\u0421\\u043e\\u0441\\u0442\\u0430\\u0432 \\u0440\\u0435\\u0446\\u0435\\u043f\\u0442\\u0430\", \"object\": \"RecipeIngredients object (7)\"}}, {\"added\": {\"name\": \"\\u0421\\u043e\\u0441\\u0442\\u0430\\u0432 \\u0440\\u0435\\u0446\\u0435\\u043f\\u0442\\u0430\", \"object\": \"RecipeIngredients object (8)\"}}]"}}, {"model": "admin.logentry", "pk": 16, "fields": {"action_time": "2020-12-28T16:15:41.444Z", "user": 1, "content_type": 8, "object_id": "1", "object_repr": "admin", "action_flag": 2, "change_message": "[{\"changed\": {\"fields\": [\"First name\", \"Last name\", \"\\u0413\\u0440\\u0443\\u043f\\u043f\\u0430 \\u0434\\u043e\\u0441\\u0442\\u0443\\u043f\\u0430\"]}}]"}}, {"model": "admin.logentry", "pk": 17, "fields": {"action_time": "2020-12-28T16:37:58.407Z", "user": 1, "content_type": 3, "object_id": "7", "object_repr": "макароны", "action_flag": 1, "change_message": "[{\"added\": {}}]"}}, {"model": "admin.logentry", "pk": 18, "fields": {"action_time": "2020-12-28T16:38:09.656Z", "user": 1, "content_type": 4, "object_id": "4", "object_repr": "Макароны", "action_flag": 1, "change_message": "[{\"added\": {}}, {\"added\": {\"name\": \"\\u0421\\u043e\\u0441\\u0442\\u0430\\u0432 \\u0440\\u0435\\u0446\\u0435\\u043f\\u0442\\u0430\", \"object\": \"RecipeIngredients object (9)\"}}, {\"added\": {\"name\": \"\\u0421\\u043e\\u0441\\u0442\\u0430\\u0432 \\u0440\\u0435\\u0446\\u0435\\u043f\\u0442\\u0430\", \"object\": \"RecipeIngredients object (10)\"}}]"}}, {"model": "admin.logentry", "pk": 19, "fields": {"action_time": "2020-12-28T18:51:58.089Z", "user": 1, "content_type": 3, "object_id": "8", "object_repr": "клюква", "action_flag": 1, "change_message": "[{\"added\": {}}]"}}, {"model": "admin.logentry", "pk": 20, "fields": {"action_time": "2020-12-28T18:52:24.680Z", "user": 1, "content_type": 6, "object_id": "4", "object_repr": "л", "action_flag": 1, "change_message": "[{\"added\": {}}]"}}, {"model": "admin.logentry", "pk": 21, "fields": {"action_time": "2020-12-28T18:52:29.922Z", "user": 1, "content_type": 3, "object_id": "9", "object_repr": "вода", "action_flag": 1, "change_message": "[{\"added\": {}}]"}}, {"model": "admin.logentry", "pk": 22, "fields": {"action_time": "2020-12-28T18:52:33.546Z", "user": 1, "content_type": 4, "object_id": "5", "object_repr": "Морс", "action_flag": 1, "change_message": "[{\"added\": {}}, {\"added\": {\"name\": \"\\u0421\\u043e\\u0441\\u0442\\u0430\\u0432 \\u0440\\u0435\\u0446\\u0435\\u043f\\u0442\\u0430\", \"object\": \"RecipeIngredients object (11)\"}}, {\"added\": {\"name\": \"\\u0421\\u043e\\u0441\\u0442\\u0430\\u0432 \\u0440\\u0435\\u0446\\u0435\\u043f\\u0442\\u0430\", \"object\": \"RecipeIngredients object (12)\"}}]"}}, {"model": "admin.logentry", "pk": 23, "fields": {"action_time": "2020-12-28T18:53:23.873Z", "user": 1, "content_type": 4, "object_id": "6", "object_repr": "Котлеты", "action_flag": 1, "change_message": "[{\"added\": {}}, {\"added\": {\"name\": \"\\u0421\\u043e\\u0441\\u0442\\u0430\\u0432 \\u0440\\u0435\\u0446\\u0435\\u043f\\u0442\\u0430\", \"object\": \"RecipeIngredients object (13)\"}}, {\"added\": {\"name\": \"\\u0421\\u043e\\u0441\\u0442\\u0430\\u0432 \\u0440\\u0435\\u0446\\u0435\\u043f\\u0442\\u0430\", \"object\": \"RecipeIngredients object (14)\"}}, {\"added\": {\"name\": \"\\u0421\\u043e\\u0441\\u0442\\u0430\\u0432 \\u0440\\u0435\\u0446\\u0435\\u043f\\u0442\\u0430\", \"object\": \"RecipeIngredients object (15)\"}}]"}}, {"model": "admin.logentry", "pk": 24, "fields": {"action_time": "2020-12-28T18:54:07.302Z", "user": 1, "content_type": 4, "object_id": "7", "object_repr": "Жаркое", "action_flag": 1, "change_message": "[{\"added\": {}}, {\"added\": {\"name\": \"\\u0421\\u043e\\u0441\\u0442\\u0430\\u0432 \\u0440\\u0435\\u0446\\u0435\\u043f\\u0442\\u0430\", \"object\": \"RecipeIngredients object (16)\"}}, {\"added\": {\"name\": \"\\u0421\\u043e\\u0441\\u0442\\u0430\\u0432 \\u0440\\u0435\\u0446\\u0435\\u043f\\u0442\\u0430\", \"object\": \"RecipeIngredients object (17)\"}}, {\"added\": {\"name\": \"\\u0421\\u043e\\u0441\\u0442\\u0430\\u0432 \\u0440\\u0435\\u0446\\u0435\\u043f\\u0442\\u0430\", \"object\": \"RecipeIngredients object (18)\"}}]"}}, {"model": "admin.logentry", "pk": 25, "fields": {"action_time": "2021-01-03T15:14:12.818Z", "user": 1, "content_type": 8, "object_id": "2", "object_repr": "alexx", "action_flag": 1, "change_message": "[{\"added\": {}}]"}}, {"model": "admin.logentry", "pk": 26, "fields": {"action_time": "2021-01-03T15:14:47.875Z", "user": 1, "content_type": 8, "object_id": "3", "object_repr": "anton", "action_flag": 1, "change_message": "[{\"added\": {}}]"}}, {"model": "admin.logentry", "pk": 27, "fields": {"action_time": "2021-01-03T15:14:56.506Z", "user": 1, "content_type": 4, "object_id": "7", "object_repr": "Жаркое", "action_flag": 2, "change_message": "[{\"changed\": {\"fields\": [\"\\u0410\\u0432\\u0442\\u043e\\u0440\"]}}]"}}, {"model": "admin.logentry", "pk": 28, "fields": {"action_time": "2021-01-03T15:15:00.539Z", "user": 1, "content_type": 4, "object_id": "6", "object_repr": "Котлеты", "action_flag": 2, "change_message": "[{\"changed\": {\"fields\": [\"\\u0410\\u0432\\u0442\\u043e\\u0440\"]}}]"}}, {"model": "admin.logentry", "pk": 29, "fields": {"action_time": "2021-01-03T15:15:05.004Z", "user": 1, "content_type": 4, "object_id": "4", "object_repr": "Макароны", "action_flag": 2, "change_message": "[{\"changed\": {\"fields\": [\"\\u0410\\u0432\\u0442\\u043e\\u0440\"]}}]"}}, {"model": "admin.logentry", "pk": 30, "fields": {"action_time": "2021-01-03T15:15:10.708Z", "user": 1, "content_type": 4, "object_id": "5", "object_repr": "Морс", "action_flag": 2, "change_message": "[{\"changed\": {\"fields\": [\"\\u0410\\u0432\\u0442\\u043e\\u0440\"]}}]"}}, {"model": "admin.logentry", "pk": 31, "fields": {"action_time": "2021-01-03T15:15:14.593Z", "user": 1, "content_type": 4, "object_id": "3", "object_repr": "Омлет", "action_flag": 2, "change_message": "[{\"changed\": {\"fields\": [\"\\u0410\\u0432\\u0442\\u043e\\u0440\"]}}]"}}, {"model": "admin.logentry", "pk": 32, "fields": {"action_time": "2021-01-03T15:15:18.366Z", "user": 1, "content_type": 4, "object_id": "2", "object_repr": "Плов", "action_flag": 2, "change_message": "[{\"changed\": {\"fields\": [\"\\u0410\\u0432\\u0442\\u043e\\u0440\"]}}]"}}, {"model": "admin.logentry", "pk": 33, "fields": {"action_time": "2021-01-03T15:15:22.460Z", "user": 1, "content_type": 4, "object_id": "1", "object_repr": "Суп", "action_flag": 2, "change_message": "[{\"changed\": {\"fields\": [\"\\u0410\\u0432\\u0442\\u043e\\u0440\"]}}]"}}, {"model": "auth.permission", "pk": 1, "fields": {"name": "Can add Избранное", "content_type": 1, "codename": "add_favorite"}}, {"model": "auth.permission", "pk": 2, "fields": {"name": "Can change Избранное", "content_type": 1, "codename": "change_favorite"}}, {"model": "auth.permission", "pk": 3, "fields": {"name": "Can delete Избранное", "content_type": 1, "codename": "delete_favorite"}}, {"model": "auth.permission", "pk": 4, "fields": {"name": "Can view Избранное", "content_type": 1, "codename": "view_favorite"}}, {"model": "auth.permission", "pk": 5, "fields": {"name": "Can add Подписка", "content_type": 2, "codename": "add_follow"}}, {"model": "auth.permission", "pk": 6, "fields": {"name": "Can change Подписка", "content_type": 2, "codename": "change_follow"}}, {"model": "auth.permission", "pk": 7, "fields": {"name": "Can delete Подписка", "content_type": 2, "codename": "delete_follow"}}, {"model": "auth.permission", "pk": 8, "fields": {"name": "Can view Подписка", "content_type": 2, "codename": "view_follow"}}, {"model": "auth.permission", "pk": 9, "fields": {"name": "Can add Ингредиент", "content_type": 3, "codename": "add_ingredient"}}, {"model": "auth.permission", "pk": 10, "fields": {"name": "Can change Ингредиент", "content_type": 3, "codename": "change_ingredient"}}, {"model": "auth.permission", "pk": 11, "fields": {"name": "Can delete Ингредиент", "content_type": 3, "codename": "delete_ingredient"}}, {"model": "auth.permission", "pk": 12, "fields": {"name": "Can view Ингредиент", "content_type": 3, "codename": "view_ingredient"}}, {"model": "auth.permission", "pk": 13, "fields": {"name": "Can add Рецепт", "content_type": 4, "codename": "add_recipe"}}, {"model": "auth.permission", "pk": 14, "fields": {"name": "Can change Рецепт", "content_type": 4, "codename": "change_recipe"}}, {"model": "auth.permission", "pk": 15, "fields": {"name": "Can delete Рецепт", "content_type": 4, "codename": "delete_recipe"}}, {"model": "auth.permission", "pk": 16, "fields": {"name": "Can view Рецепт", "content_type": 4, "codename": "view_recipe"}}, {"model": "auth.permission", "pk": 17, "fields": {"name": "Can add Тэг", "content_type": 5, "codename": "add_tag"}}, {"model": "auth.permission", "pk": 18, "fields": {"name": "Can change Тэг", "content_type": 5, "codename": "change_tag"}}, {"model": "auth.permission", "pk": 19, "fields": {"name": "Can delete Тэг", "content_type": 5, "codename": "delete_tag"}}, {"model": "auth.permission", "pk": 20, "fields": {"name": "Can view Тэг", "content_type": 5, "codename": "view_tag"}}, {"model": "auth.permission", "pk": 21, "fields": {"name": "Can add Единица измерения", "content_type": 6, "codename": "add_unit"}}, {"model": "auth.permission", "pk": 22, "fields": {"name": "Can change Единица измерения", "content_type": 6, "codename": "change_unit"}}, {"model": "auth.permission", "pk": 23, "fields": {"name": "Can delete Единица измерения", "content_type": 6, "codename": "delete_unit"}}, {"model": "auth.permission", "pk": 24, "fields": {"name": "Can view Единица измерения", "content_type": 6, "codename": "view_unit"}}, {"model": "auth.permission", "pk": 25, "fields": {"name": "Can add Состав рецепта", "content_type": 7, "codename": "add_recipeingredients"}}, {"model": "auth.permission", "pk": 26, "fields": {"name": "Can change Состав рецепта", "content_type": 7, "codename": "change_recipeingredients"}}, {"model": "auth.permission", "pk": 27, "fields": {"name": "Can delete Состав рецепта", "content_type": 7, "codename": "delete_recipeingredients"}}, {"model": "auth.permission", "pk": 28, "fields": {"name": "Can view Состав рецепта", "content_type": 7, "codename": "view_recipeingredients"}}, {"model": "auth.permission", "pk": 29, "fields": {"name": "Can add user", "content_type": 8, "codename": "add_user"}}, {"model": "auth.permission", "pk": 30, "fields": {"name": "Can change user", "content_type": 8, "codename": "change_user"}}, {"model": "auth.permission", "pk": 31, "fields": {"name": "Can delete user", "content_type": 8, "codename": "delete_user"}}, {"model": "auth.permission", "pk": 32, "fields": {"name": "Can view user", "content_type": 8, "codename": "view_user"}}, {"model": "auth.permission", "pk": 33, "fields": {"name": "Can add kv store", "content_type": 9, "codename": "add_kvstore"}}, {"model": "auth.permission", "pk": 34, "fields": {"name": "Can change kv store", "content_type": 9, "codename": "change_kvstore"}}, {"model": "auth.permission", "pk": 35, "fields": {"name": "Can delete kv store", "content_type": 9, "codename": "delete_kvstore"}}, {"model": "auth.permission", "pk": 36, "fields": {"name": "Can view kv store", "content_type": 9, "codename": "view_kvstore"}}, {"model": "auth.permission", "pk": 37, "fields": {"name": "Can add log entry", "content_type": 10, "codename": "add_logentry"}}, {"model": "auth.permission", "pk": 38, "fields": {"name": "Can change log entry", "content_type": 10, "codename": "change_logentry"}}, {"model": "auth.permission", "pk": 39, "fields": {"name": "Can delete log entry", "content_type": 10, "codename": "delete_logentry"}}, {"model": "auth.permission", "pk": 40, "fields": {"name": "Can view log entry", "content_type": 10, "codename": "view_logentry"}}, {"model": "auth.permission", "pk": 41, "fields": {"name": "Can add permission", "content_type": 11, "codename": "add_permission"}}, {"model": "auth.permission", "pk": 42, "fields": {"name": "Can change permission", "content_type": 11, "codename": "change_permission"}}, {"model": "auth.permission", "pk": 43, "fields": {"name": "Can delete permission", "content_type": 11, "codename": "delete_permission"}}, {"model": "auth.permission", "pk": 44, "fields": {"name": "Can view permission", "content_type": 11, "codename": "view_permission"}}, {"model": "auth.permission", "pk": 45, "fields": {"name": "Can add group", "content_type": 12, "codename": "add_group"}}, {"model": "auth.permission", "pk": 46, "fields": {"name": "Can change group", "content_type": 12, "codename": "change_group"}}, {"model": "auth.permission", "pk": 47, "fields": {"name": "Can delete group", "content_type": 12, "codename": "delete_group"}}, {"model": "auth.permission", "pk": 48, "fields": {"name": "Can view group", "content_type": 12, "codename": "view_group"}}, {"model": "auth.permission", "pk": 49, "fields": {"name": "Can add content type", "content_type": 13, "codename": "add_contenttype"}}, {"model": "auth.permission", "pk": 50, "fields": {"name": "Can change content type", "content_type": 13, "codename": "change_contenttype"}}, {"model": "auth.permission", "pk": 51, "fields": {"name": "Can delete content type", "content_type": 13, "codename": "delete_contenttype"}}, {"model": "auth.permission", "pk": 52, "fields": {"name": "Can view content type", "content_type": 13, "codename": "view_contenttype"}}, {"model": "auth.permission", "pk": 53, "fields": {"name": "Can add session", "content_type": 14, "codename": "add_session"}}, {"model": "auth.permission", "pk": 54, "fields": {"name": "Can change session", "content_type": 14, "codename": "change_session"}}, {"model": "auth.permission", "pk": 55, "fields": {"name": "Can delete session", "content_type": 14, "codename": "delete_session"}}, {"model": "auth.permission", "pk": 56, "fields": {"name": "Can view session", "content_type": 14, "codename": "view_session"}}, {"model": "contenttypes.contenttype", "pk": 1, "fields": {"app_label": "recipes", "model": "favorite"}}, {"model": "contenttypes.contenttype", "pk": 2, "fields": {"app_label": "recipes", "model": "follow"}}, {"model": "contenttypes.contenttype", "pk": 3, "fields": {"app_label": "recipes", "model": "ingredient"}}, {"model": "contenttypes.contenttype", "pk": 4, "fields": {"app_label": "recipes", "model": "recipe"}}, {"model": "contenttypes.contenttype", "pk": 5, "fields": {"app_label": "recipes", "model": "tag"}}, {"model": "contenttypes.contenttype", "pk": 6, "fields": {"app_label": "recipes", "model": "unit"}}, {"model": "contenttypes.contenttype", "pk": 7, "fields": {"app_label": "recipes", "model": "recipeingredients"}}, {"model": "contenttypes.contenttype", "pk": 8, "fields": {"app_label": "users", "model": "user"}}, {"model": "contenttypes.contenttype", "pk": 9, "fields": {"app_label": "thumbnail", "model": "kvstore"}}, {"model": "contenttypes.contenttype", "pk": 10, "fields": {"app_label": "admin", "model": "logentry"}}, {"model": "contenttypes.contenttype", "pk": 11, "fields": {"app_label": "auth", "model": "permission"}}, {"model": "contenttypes.contenttype", "pk": 12, "fields": {"app_label": "auth", "model": "group"}}, {"model": "contenttypes.contenttype", "pk": 13, "fields": {"app_label": "contenttypes", "model": "contenttype"}}, {"model": "contenttypes.contenttype", "pk": 14, "fields": {"app_label": "sessions", "model": "session"}}]